"Site","Large scale","Year","Site or Plot level","PlotID","Date collected","Sample .","Type","Biomass (g)","PlotNum"
"Bellfountain","S",2008,"Site",,6/4/2008 0:00:00,"2","Forbs",4.93,
"Bellfountain","S",2008,"Site",,6/10/2008 0:00:00,"2","Graminoids",19.63,
"Bellfountain","S",2008,"Site",,6/10/2008 0:00:00,"2","Litter/Moss/Lichen",21.65,
"Bellfountain","S",2008,"Site",,6/10/2008 0:00:00,"3","Forbs",6.79,
"Bellfountain","S",2008,"Site",,6/10/2008 0:00:00,"3","Graminoids",15.74,
"Bellfountain","S",2008,"Site",,6/10/2008 0:00:00,"5","Forbs",5.14,
"Bellfountain","S",2008,"Site",,6/10/2008 0:00:00,"5","Graminoids",26.58,
"Bellfountain","S",2008,"Site",,6/10/2008 0:00:00,"5","Litter/Moss/Lichen",16.20,
"Bellfountain","S",2008,"Site",,6/10/2008 0:00:00,"33","Litter/Moss/Lichen",24.53,
"Glacial","S",2008,"Site",,6/27/2008 0:00:00,"1","Forbs",13.83,
"Glacial","S",2008,"Site",,6/27/2008 0:00:00,"1","Graminoids",5.94,
"Glacial","S",2008,"Site",,6/27/2008 0:00:00,"1","Litter/Moss/Lichen",14.45,
"Glacial","S",2008,"Site",,6/27/2008 0:00:00,"2","Forbs",5.81,
"Glacial","S",2008,"Site",,6/27/2008 0:00:00,"2","Graminoids",7.38,
"Glacial","S",2008,"Site",,6/27/2008 0:00:00,"2","Litter/Moss/Lichen",11.06,
"Glacial","S",2008,"Site",,6/27/2008 0:00:00,"3","Forbs",4.22,
"Glacial","S",2008,"Site",,6/27/2008 0:00:00,"3","Graminoids",3.92,
"Glacial","S",2008,"Site",,6/27/2008 0:00:00,"3","Litter/Moss/Lichen",19.13,
"Hoskins","S",2008,"Site",,6/23/2008 0:00:00,"1","Forbs",22.01,
"Hoskins","S",2008,"Site",,6/23/2008 0:00:00,"1","Graminoids",5.24,
"Hoskins","S",2008,"Site",,6/23/2008 0:00:00,"1","Litter/Moss/Lichen",29.28,
"Hoskins","S",2008,"Site",,6/23/2008 0:00:00,"1","Shrubs",0.96,
"Hoskins","S",2008,"Site",,6/23/2008 0:00:00,"2","Forbs",14.65,
"Hoskins","S",2008,"Site",,6/23/2008 0:00:00,"2","Graminoids",8.47,
"Hoskins","S",2008,"Site",,6/23/2008 0:00:00,"2","Litter/Moss/Lichen",17.83,
"Hoskins","S",2008,"Site",,6/23/2008 0:00:00,"2","Shrubs",2.62,
"Hoskins","S",2008,"Site",,6/23/2008 0:00:00,"3","Forbs",18.83,
"Hoskins","S",2008,"Site",,6/23/2008 0:00:00,"3","Graminoids",6.01,
"Hoskins","S",2008,"Site",,6/23/2008 0:00:00,"3","Litter/Moss/Lichen",20.03,
"Hoskins","S",2008,"Site",,6/23/2008 0:00:00,"3","Shrubs",0.37,
"Mima","S",2008,"Site",,6/27/2008 0:00:00,"1","Forbs",5.49,
"Mima","S",2008,"Site",,6/27/2008 0:00:00,"1","Graminoids",12.52,
"Mima","S",2008,"Site",,6/27/2008 0:00:00,"1","Litter/Moss/Lichen",13.74,
"Mima","S",2008,"Site",,6/27/2008 0:00:00,"2","Forbs",14.64,
"Mima","S",2008,"Site",,6/27/2008 0:00:00,"2","Graminoids",7.70,
"Mima","S",2008,"Site",,6/27/2008 0:00:00,"2","Litter/Moss/Lichen",17.94,
"Mima","S",2008,"Site",,6/27/2008 0:00:00,"2","Shrubs",9.99999999999979e-03,
"Mima","S",2008,"Site",,6/27/2008 0:00:00,"3","Forbs",4.37,
"Mima","S",2008,"Site",,6/27/2008 0:00:00,"3","Graminoids",11.76,
"Mima","S",2008,"Site",,6/27/2008 0:00:00,"3","Litter/Moss/Lichen",31.05,
"Morgan","L",2008,"Site",,6/4/2008 0:00:00,"12","Forbs",2.52,
"Morgan","L",2008,"Site",,6/4/2008 0:00:00,"12","Graminoids",2.45,
"Morgan","L",2008,"Site",,6/4/2008 0:00:00,"12","Litter/Moss/Lichen",139.97,
"Morgan","L",2008,"Site",,6/4/2008 0:00:00,"16","Forbs",3.68,
"Morgan","L",2008,"Site",,6/4/2008 0:00:00,"16","Graminoids",5.37,
"Morgan","L",2008,"Site",,6/4/2008 0:00:00,"16","Litter/Moss/Lichen",88.31,
"Morgan","L",2008,"Site",,6/4/2008 0:00:00,"20","Forbs",3.20,
"Morgan","L",2008,"Site",,6/4/2008 0:00:00,"20","Graminoids",11.00,
"Morgan","L",2008,"Site",,6/4/2008 0:00:00,"20","Litter/Moss/Lichen",105.96,
"Morgan","S",2008,"Site",,6/4/2008 0:00:00,"1","Forbs",5.81,
"Morgan","S",2008,"Site",,6/4/2008 0:00:00,"1","Graminoids",8.31,
"Morgan","S",2008,"Site",,6/4/2008 0:00:00,"1","Litter/Moss/Lichen",90.03,
"Morgan","S",2008,"Site",,6/4/2008 0:00:00,"2","Forbs",0.57,
"Morgan","S",2008,"Site",,6/4/2008 0:00:00,"2","Graminoids",7.30,
"Morgan","S",2008,"Site",,6/4/2008 0:00:00,"2","Litter/Moss/Lichen",119.45,
"Morgan","S",2008,"Site",,6/4/2008 0:00:00,"3","Forbs",2.31,
"Morgan","S",2008,"Site",,6/4/2008 0:00:00,"3","Graminoids",8.25,
"Morgan","S",2008,"Site",,6/4/2008 0:00:00,"3","Litter/Moss/Lichen",63.72,
"Pigeon","S",2008,"Site",,6/10/2008 0:00:00,"1","Forbs",9.64,
"Pigeon","S",2008,"Site",,6/10/2008 0:00:00,"1","Graminoids",13.44,
"Pigeon","S",2008,"Site",,6/10/2008 0:00:00,"1","Litter/Moss/Lichen",28.77,
"Pigeon","S",2008,"Site",,6/10/2008 0:00:00,"2","Forbs",9.11,
"Pigeon","S",2008,"Site",,6/10/2008 0:00:00,"2","Graminoids",10.17,
"Pigeon","S",2008,"Site",,6/10/2008 0:00:00,"2","Litter/Moss/Lichen",27.94,
"Pigeon","S",2008,"Site",,6/10/2008 0:00:00,"3","Forbs",9.45,
"Pigeon","S",2008,"Site",,6/10/2008 0:00:00,"3","Graminoids",12.19,
"Pigeon","S",2008,"Site",,6/10/2008 0:00:00,"3","Litter/Moss/Lichen",9.61,
"Pigeon","S",2008,"Site",,6/10/2008 0:00:00,"3","Shrubs",0.18,
"Scatter","S",2008,"Site",,6/27/2008 0:00:00,"1","Forbs",1.78,
"Scatter","S",2008,"Site",,6/27/2008 0:00:00,"1","Graminoids",13.91,
"Scatter","S",2008,"Site",,6/27/2008 0:00:00,"1","Litter/Moss/Lichen",44.32,
"Scatter","S",2008,"Site",,6/27/2008 0:00:00,"1","Shrubs",0.62,
"Scatter","S",2008,"Site",,6/27/2008 0:00:00,"2","Forbs",4.76,
"Scatter","S",2008,"Site",,6/27/2008 0:00:00,"2","Graminoids",20.66,
"Scatter","S",2008,"Site",,6/27/2008 0:00:00,"2","Litter/Moss/Lichen",25.44,
"Scatter","S",2008,"Site",,6/27/2008 0:00:00,"2","Shrubs",5.78,
"Scatter","S",2008,"Site",,6/27/2008 0:00:00,"3","Forbs",4.35,
"Scatter","S",2008,"Site",,6/27/2008 0:00:00,"3","Graminoids",22.82,
"Scatter","S",2008,"Site",,6/27/2008 0:00:00,"3","Litter/Moss/Lichen",12.40,
"Scatter","S",2008,"Site",,6/27/2008 0:00:00,"3","Shrubs",6.61,
"Triangle ","L",2008,"Site",,6/5/2008 0:00:00,"5","Forbs",1.39,
"Triangle ","L",2008,"Site",,6/5/2008 0:00:00,"5","Graminoids",18.99,
"Triangle ","L",2008,"Site",,6/5/2008 0:00:00,"5","Litter/Moss/Lichen",40.30,
"Triangle ","L",2008,"Site",,6/5/2008 0:00:00,"14","Forbs",8.89,
"Triangle ","L",2008,"Site",,6/5/2008 0:00:00,"14","Graminoids",12.65,
"Triangle ","L",2008,"Site",,6/5/2008 0:00:00,"14","Litter/Moss/Lichen",32.16,
"Triangle ","L",2008,"Site",,6/5/2008 0:00:00,"17","Forbs",6.53,
"Triangle ","L",2008,"Site",,6/5/2008 0:00:00,"17","Graminoids",12.74,
"Triangle ","L",2008,"Site",,6/5/2008 0:00:00,"17","Litter/Moss/Lichen",59.73,
"Triangle ","S",2008,"Site",,6/5/2008 0:00:00,"1","Forbs",20.29,
"Triangle ","S",2008,"Site",,6/5/2008 0:00:00,"1","Graminoids",10.85,
"Triangle ","S",2008,"Site",,6/5/2008 0:00:00,"1","Litter/Moss/Lichen",35.23,
"Triangle ","S",2008,"Site",,6/5/2008 0:00:00,"2","Forbs",7.59,
"Triangle ","S",2008,"Site",,6/5/2008 0:00:00,"2","Graminoids",8.38,
"Triangle ","S",2008,"Site",,6/5/2008 0:00:00,"2","Litter/Moss/Lichen",28.46,
"Triangle ","S",2008,"Site",,6/5/2008 0:00:00,"3","Forbs",11.98,
"Triangle ","S",2008,"Site",,6/5/2008 0:00:00,"3","Graminoids",9.20,
"Triangle ","S",2008,"Site",,6/5/2008 0:00:00,"3","Litter/Moss/Lichen",40.65,
"Weir","L",2008,"Site",,6/4/2008 0:00:00,"4","Forbs",4.31,
"Weir","L",2008,"Site",,6/4/2008 0:00:00,"4","Graminoids",12.70,
"Weir","L",2008,"Site",,6/4/2008 0:00:00,"4","Litter/Moss/Lichen",32.13,
"Weir","L",2008,"Site",,6/4/2008 0:00:00,"6","Forbs",2.40,
"Weir","L",2008,"Site",,6/4/2008 0:00:00,"6","Graminoids",8.85,
"Weir","L",2008,"Site",,6/4/2008 0:00:00,"6","Litter/Moss/Lichen",31.59,
"Weir","L",2008,"Site",,6/4/2008 0:00:00,"17","Forbs",3.96,
"Weir","L",2008,"Site",,6/4/2008 0:00:00,"17","Graminoids",7.55,
"Weir","L",2008,"Site",,6/4/2008 0:00:00,"17","Litter/Moss/Lichen",24.34,
"Weir","S",2008,"Site",,6/4/2008 0:00:00,"1","Forbs",2.21,
"Weir","S",2008,"Site",,6/4/2008 0:00:00,"1","Graminoids",9.28,
"Weir","S",2008,"Site",,6/4/2008 0:00:00,"1","Litter/Moss/Lichen",66.45,
"Weir","S",2008,"Site",,6/4/2008 0:00:00,"1","Shrubs",0.14,
"Weir","S",2008,"Site",,6/4/2008 0:00:00,"2","Forbs",1.61,
"Weir","S",2008,"Site",,6/4/2008 0:00:00,"2","Graminoids",4.82,
"Weir","S",2008,"Site",,6/4/2008 0:00:00,"2","Litter/Moss/Lichen",10.45,
"Weir","S",2008,"Site",,6/4/2008 0:00:00,"3","Forbs",0.04,
"Weir","S",2008,"Site",,6/4/2008 0:00:00,"3","Graminoids",9.76,
"Weir","S",2008,"Site",,6/4/2008 0:00:00,"3","Litter/Moss/Lichen",39.69,
"Bellfountain","S",2006,"Site",,6/14/2006 0:00:00,"11-1","Forbs",12.26,
"Bellfountain","S",2006,"Site",,6/14/2006 0:00:00,"11-1","Graminoids",28.83,
"Bellfountain","S",2006,"Site",,6/14/2006 0:00:00,"11-1","Litter/Moss/Lichen",63.85,
"Bellfountain","S",2006,"Site",,6/14/2006 0:00:00,"11-1","Shrubs",0.26,
"Bellfountain","S",2006,"Site",,6/14/2006 0:00:00,"11-2","Forbs",7.14,
"Bellfountain","S",2006,"Site",,6/14/2006 0:00:00,"11-2","Graminoids",18.79,
"Bellfountain","S",2006,"Site",,6/14/2006 0:00:00,"11-2","Litter/Moss/Lichen",28.09,
"Bellfountain","S",2006,"Site",,6/14/2006 0:00:00,"11-2","Shrubs",4.85,
"Bellfountain","S",2006,"Site",,6/14/2006 0:00:00,"14-1","Forbs",4.28,
"Bellfountain","S",2006,"Site",,6/14/2006 0:00:00,"14-1","Graminoids",16.20,
"Bellfountain","S",2006,"Site",,6/14/2006 0:00:00,"14-1","Litter/Moss/Lichen",20.02,
"Bellfountain","S",2006,"Site",,6/14/2006 0:00:00,"14-2","Forbs",5.06,
"Bellfountain","S",2006,"Site",,6/14/2006 0:00:00,"14-2","Graminoids",23.41,
"Bellfountain","S",2006,"Site",,6/14/2006 0:00:00,"14-2","Litter/Moss/Lichen",35.12,
"Bellfountain","S",2006,"Site",,6/14/2006 0:00:00,"2-1","Forbs",7.29,
"Bellfountain","S",2006,"Site",,6/14/2006 0:00:00,"2-1","Graminoids",26.76,
"Bellfountain","S",2006,"Site",,6/14/2006 0:00:00,"2-1","Litter/Moss/Lichen",37.35,
"Bellfountain","S",2006,"Site",,6/14/2006 0:00:00,"2-1","Shrubs",1.89,
"Bellfountain","S",2006,"Site",,6/14/2006 0:00:00,"2-2","Forbs",3.27,
"Bellfountain","S",2006,"Site",,6/14/2006 0:00:00,"2-2","Graminoids",24.51,
"Bellfountain","S",2006,"Site",,6/14/2006 0:00:00,"2-2","Litter/Moss/Lichen",30.29,
"Bellfountain","S",2006,"Site",,6/14/2006 0:00:00,"2-2","Shrubs",1.62,
"Bellfountain","S",2006,"Site",,6/14/2006 0:00:00,"36-1","Forbs",13.35,
"Bellfountain","S",2006,"Site",,6/14/2006 0:00:00,"36-1","Graminoids",12.56,
"Bellfountain","S",2006,"Site",,6/14/2006 0:00:00,"36-1","Litter/Moss/Lichen",73.98,
"Bellfountain","S",2006,"Site",,6/14/2006 0:00:00,"36-1","Shrubs",0.81,
"Bellfountain","S",2006,"Site",,6/14/2006 0:00:00,"36-2","Forbs",12.47,
"Bellfountain","S",2006,"Site",,6/14/2006 0:00:00,"36-2","Graminoids",23.50,
"Bellfountain","S",2006,"Site",,6/14/2006 0:00:00,"36-2","Litter/Moss/Lichen",20.30,
"Glacial","S",2006,"Site",,6/29/2006 0:00:00,"1-1","Forbs",5.93,
"Glacial","S",2006,"Site",,6/29/2006 0:00:00,"1-1","Graminoids",15.83,
"Glacial","S",2006,"Site",,6/29/2006 0:00:00,"1-1","Litter/Moss/Lichen",39.93,
"Glacial","S",2006,"Site",,6/29/2006 0:00:00,"1-2","Forbs",6.19,
"Glacial","S",2006,"Site",,6/29/2006 0:00:00,"1-2","Graminoids",14.53,
"Glacial","S",2006,"Site",,6/29/2006 0:00:00,"1-2","Litter/Moss/Lichen",32.95,
"Glacial","S",2006,"Site",,6/29/2006 0:00:00,"2-1","Forbs",6.82,
"Glacial","S",2006,"Site",,6/29/2006 0:00:00,"2-1","Graminoids",19.57,
"Glacial","S",2006,"Site",,6/29/2006 0:00:00,"2-1","Litter/Moss/Lichen",33.36,
"Glacial","S",2006,"Site",,6/29/2006 0:00:00,"2-2","Forbs",6.13,
"Glacial","S",2006,"Site",,6/29/2006 0:00:00,"2-2","Graminoids",24.86,
"Glacial","S",2006,"Site",,6/29/2006 0:00:00,"2-2","Litter/Moss/Lichen",45.13,
"Glacial","S",2006,"Site",,6/29/2006 0:00:00,"3-1","Forbs",6.38,
"Glacial","S",2006,"Site",,6/29/2006 0:00:00,"3-1","Graminoids",18.58,
"Glacial","S",2006,"Site",,6/29/2006 0:00:00,"3-1","Litter/Moss/Lichen",26.49,
"Glacial","S",2006,"Site",,6/29/2006 0:00:00,"3-2","Forbs",2.31,
"Glacial","S",2006,"Site",,6/29/2006 0:00:00,"3-2","Graminoids",17.44,
"Glacial","S",2006,"Site",,6/29/2006 0:00:00,"3-2","Litter/Moss/Lichen",35.88,
"Hoskins","S",2006,"Site",,6/23/2006 0:00:00,"34-1","Forbs",8.68,
"Hoskins","S",2006,"Site",,6/23/2006 0:00:00,"34-1","Graminoids",10.22,
"Hoskins","S",2006,"Site",,6/23/2006 0:00:00,"34-1","Litter/Moss/Lichen",33.07,
"Hoskins","S",2006,"Site",,6/23/2006 0:00:00,"34-1","Shrubs",2.78,
"Hoskins","S",2006,"Site",,6/23/2006 0:00:00,"34-2","Forbs",7.17,
"Hoskins","S",2006,"Site",,6/23/2006 0:00:00,"34-2","Graminoids",15.67,
"Hoskins","S",2006,"Site",,6/23/2006 0:00:00,"34-2","Litter/Moss/Lichen",50.00,
"Hoskins","S",2006,"Site",,6/23/2006 0:00:00,"34-2","Shrubs",3.84,
"Hoskins","S",2006,"Site",,6/23/2006 0:00:00,"48-1","Forbs",12.19,
"Hoskins","S",2006,"Site",,6/23/2006 0:00:00,"48-1","Graminoids",5.86,
"Hoskins","S",2006,"Site",,6/23/2006 0:00:00,"48-1","Litter/Moss/Lichen",38.19,
"Hoskins","S",2006,"Site",,6/23/2006 0:00:00,"48-1","Shrubs",1.60,
"Hoskins","S",2006,"Site",,6/23/2006 0:00:00,"48-2","Forbs",13.41,
"Hoskins","S",2006,"Site",,6/23/2006 0:00:00,"48-2","Graminoids",5.72,
"Hoskins","S",2006,"Site",,6/23/2006 0:00:00,"48-2","Litter/Moss/Lichen",28.38,
"Hoskins","S",2006,"Site",,6/23/2006 0:00:00,"48-2","Shrubs",0.51,
"Hoskins","S",2006,"Site",,6/23/2006 0:00:00,"8-1","Forbs",18.06,
"Hoskins","S",2006,"Site",,6/23/2006 0:00:00,"8-1","Graminoids",13.71,
"Hoskins","S",2006,"Site",,6/23/2006 0:00:00,"8-1","Litter/Moss/Lichen",27.80,
"Hoskins","S",2006,"Site",,6/23/2006 0:00:00,"8-2","Forbs",14.41,
"Hoskins","S",2006,"Site",,6/23/2006 0:00:00,"8-2","Graminoids",10.83,
"Hoskins","S",2006,"Site",,6/23/2006 0:00:00,"8-2","Litter/Moss/Lichen",27.67,
"Hoskins","S",2006,"Site",,6/23/2006 0:00:00,"8-2","Shrubs",0.17,
"Mima","S",2006,"Site",,6/27/2006 0:00:00,"1-1","Forbs",5.55,
"Mima","S",2006,"Site",,6/27/2006 0:00:00,"1-1","Graminoids",13.72,
"Mima","S",2006,"Site",,6/27/2006 0:00:00,"1-1","Litter/Moss/Lichen",92.17,
"Mima","S",2006,"Site",,6/27/2006 0:00:00,"1-2","Forbs",6.84,
"Mima","S",2006,"Site",,6/27/2006 0:00:00,"1-2","Graminoids",15.42,
"Mima","S",2006,"Site",,6/27/2006 0:00:00,"1-2","Litter/Moss/Lichen",43.76,
"Mima","S",2006,"Site",,6/27/2006 0:00:00,"2-1","Forbs",10.62,
"Mima","S",2006,"Site",,6/27/2006 0:00:00,"2-1","Graminoids",26.12,
"Mima","S",2006,"Site",,6/27/2006 0:00:00,"2-1","Litter/Moss/Lichen",59.87,
"Mima","S",2006,"Site",,6/27/2006 0:00:00,"2-2","Forbs",1.51,
"Mima","S",2006,"Site",,6/27/2006 0:00:00,"2-2","Graminoids",18.80,
"Mima","S",2006,"Site",,6/27/2006 0:00:00,"2-2","Litter/Moss/Lichen",59.17,
"Mima","S",2006,"Site",,6/27/2006 0:00:00,"3-1","Forbs",4.29,
"Mima","S",2006,"Site",,6/27/2006 0:00:00,"3-1","Graminoids",16.05,
"Mima","S",2006,"Site",,6/27/2006 0:00:00,"3-1","Litter/Moss/Lichen",82.38,
"Mima","S",2006,"Site",,6/27/2006 0:00:00,"3-2","Forbs",0.63,
"Mima","S",2006,"Site",,6/27/2006 0:00:00,"3-2","Graminoids",24.33,
"Mima","S",2006,"Site",,6/27/2006 0:00:00,"3-2","Litter/Moss/Lichen",53.89,
"Morgan","S",2006,"Site",,6/29/2006 0:00:00,"1-1","Forbs",4.47,
"Morgan","S",2006,"Site",,6/29/2006 0:00:00,"1-1","Graminoids",17.28,
"Morgan","S",2006,"Site",,6/29/2006 0:00:00,"1-1","Litter/Moss/Lichen",52.26,
"Morgan","S",2006,"Site",,6/29/2006 0:00:00,"1-2","Forbs",9.27,
"Morgan","S",2006,"Site",,6/29/2006 0:00:00,"1-2","Graminoids",6.75,
"Morgan","S",2006,"Site",,6/29/2006 0:00:00,"1-2","Litter/Moss/Lichen",63.42,
"Morgan","S",2006,"Site",,6/29/2006 0:00:00,"2-1","Forbs",6.21,
"Morgan","S",2006,"Site",,6/29/2006 0:00:00,"2-1","Graminoids",9.21,
"Morgan","S",2006,"Site",,6/29/2006 0:00:00,"2-1","Litter/Moss/Lichen",113.23,
"Morgan","S",2006,"Site",,6/29/2006 0:00:00,"2-2","Forbs",7.11,
"Morgan","S",2006,"Site",,6/29/2006 0:00:00,"2-2","Graminoids",8.32,
"Morgan","S",2006,"Site",,6/29/2006 0:00:00,"2-2","Litter/Moss/Lichen",116.29,
"Morgan","S",2006,"Site",,6/29/2006 0:00:00,"3-1","Forbs",4.17,
"Morgan","S",2006,"Site",,6/29/2006 0:00:00,"3-1","Graminoids",42.65,
"Morgan","S",2006,"Site",,6/29/2006 0:00:00,"3-1","Litter/Moss/Lichen",135.80,
"Morgan","S",2006,"Site",,6/29/2006 0:00:00,"3-2","Forbs",7.65,
"Morgan","S",2006,"Site",,6/29/2006 0:00:00,"3-2","Graminoids",16.60,
"Morgan","S",2006,"Site",,6/29/2006 0:00:00,"3-2","Litter/Moss/Lichen",115.97,
"Pigeon","S",2006,"Site",,6/15/2006 0:00:00,"15-1","Forbs",15.22,
"Pigeon","S",2006,"Site",,6/15/2006 0:00:00,"15-1","Graminoids",16.12,
"Pigeon","S",2006,"Site",,6/15/2006 0:00:00,"15-1","Litter/Moss/Lichen",40.24,
"Pigeon","S",2006,"Site",,6/15/2006 0:00:00,"15-2","Forbs",15.82,
"Pigeon","S",2006,"Site",,6/15/2006 0:00:00,"15-2","Graminoids",18.71,
"Pigeon","S",2006,"Site",,6/15/2006 0:00:00,"15-2","Litter/Moss/Lichen",72.66,
"Pigeon","S",2006,"Site",,6/15/2006 0:00:00,"34-1","Forbs",8.74,
"Pigeon","S",2006,"Site",,6/15/2006 0:00:00,"34-1","Graminoids",21.54,
"Pigeon","S",2006,"Site",,6/15/2006 0:00:00,"34-1","Litter/Moss/Lichen",68.61,
"Pigeon","S",2006,"Site",,6/15/2006 0:00:00,"34-2","Forbs",13.29,
"Pigeon","S",2006,"Site",,6/15/2006 0:00:00,"34-2","Graminoids",17.97,
"Pigeon","S",2006,"Site",,6/15/2006 0:00:00,"34-2","Litter/Moss/Lichen",69.54,
"Pigeon","S",2006,"Site",,6/15/2006 0:00:00,"8-1","Forbs",3.87,
"Pigeon","S",2006,"Site",,6/15/2006 0:00:00,"8-1","Graminoids",12.24,
"Pigeon","S",2006,"Site",,6/15/2006 0:00:00,"8-1","Litter/Moss/Lichen",22.13,
"Pigeon","S",2006,"Site",,6/15/2006 0:00:00,"8-1","Shrubs",3.08,
"Pigeon","S",2006,"Site",,6/15/2006 0:00:00,"8-2","Forbs",12.00,
"Pigeon","S",2006,"Site",,6/15/2006 0:00:00,"8-2","Graminoids",16.13,
"Pigeon","S",2006,"Site",,6/15/2006 0:00:00,"8-2","Litter/Moss/Lichen",48.08,
"Pigeon","S",2006,"Site",,6/15/2006 0:00:00,"8-2","Shrubs",0.60,
"Scatter","S",2006,"Site",,6/26/2006 0:00:00,"1-1","Forbs",5.54,
"Scatter","S",2006,"Site",,6/26/2006 0:00:00,"1-1","Graminoids",17.65,
"Scatter","S",2006,"Site",,6/26/2006 0:00:00,"1-1","Litter/Moss/Lichen",51.39,
"Scatter","S",2006,"Site",,6/26/2006 0:00:00,"1-2","Forbs",2.93,
"Scatter","S",2006,"Site",,6/26/2006 0:00:00,"1-2","Graminoids",12.00,
"Scatter","S",2006,"Site",,6/26/2006 0:00:00,"1-2","Litter/Moss/Lichen",71.41,
"Scatter","S",2006,"Site",,6/27/2006 0:00:00,"2-1","Forbs",1.92,
"Scatter","S",2006,"Site",,6/27/2006 0:00:00,"2-1","Graminoids",26.35,
"Scatter","S",2006,"Site",,6/27/2006 0:00:00,"2-1","Litter/Moss/Lichen",58.11,
"Scatter","S",2006,"Site",,6/27/2006 0:00:00,"2-1","Shrubs",1.69,
"Scatter","S",2006,"Site",,6/27/2006 0:00:00,"2-2","Forbs",1.33,
"Scatter","S",2006,"Site",,6/27/2006 0:00:00,"2-2","Graminoids",13.73,
"Scatter","S",2006,"Site",,6/27/2006 0:00:00,"2-2","Litter/Moss/Lichen",56.06,
"Scatter","S",2006,"Site",,6/27/2006 0:00:00,"2-2","Shrubs",0.03,
"Scatter","S",2006,"Site",,6/27/2006 0:00:00,"3-1","Forbs",17.74,
"Scatter","S",2006,"Site",,6/27/2006 0:00:00,"3-1","Graminoids",19.83,
"Scatter","S",2006,"Site",,6/27/2006 0:00:00,"3-1","Litter/Moss/Lichen",61.46,
"Scatter","S",2006,"Site",,6/27/2006 0:00:00,"3-1","Shrubs",0.41,
"Scatter","S",2006,"Site",,6/27/2006 0:00:00,"3-2","Forbs",0.99,
"Scatter","S",2006,"Site",,6/27/2006 0:00:00,"3-2","Graminoids",26.66,
"Scatter","S",2006,"Site",,6/27/2006 0:00:00,"3-2","Litter/Moss/Lichen",63.70,
"Weir","S",2006,"Site",,6/29/2006 0:00:00,"1-1","Forbs",1.40,
"Weir","S",2006,"Site",,6/29/2006 0:00:00,"1-1","Graminoids",10.97,
"Weir","S",2006,"Site",,6/29/2006 0:00:00,"1-1","Litter/Moss/Lichen",26.87,
"Weir","S",2006,"Site",,6/29/2006 0:00:00,"1-2","Forbs",4.71,
"Weir","S",2006,"Site",,6/29/2006 0:00:00,"1-2","Graminoids",10.86,
"Weir","S",2006,"Site",,6/29/2006 0:00:00,"1-2","Litter/Moss/Lichen",43.09,
"Weir","S",2006,"Site",,6/29/2006 0:00:00,"2-1","Forbs",13.14,
"Weir","S",2006,"Site",,6/29/2006 0:00:00,"2-1","Graminoids",14.09,
"Weir","S",2006,"Site",,6/29/2006 0:00:00,"2-1","Litter/Moss/Lichen",28.60,
"Weir","S",2006,"Site",,6/29/2006 0:00:00,"2-1","Shrubs",2.00,
"Weir","S",2006,"Site",,6/29/2006 0:00:00,"2-2","Forbs",6.95,
"Weir","S",2006,"Site",,6/29/2006 0:00:00,"2-2","Graminoids",11.30,
"Weir","S",2006,"Site",,6/29/2006 0:00:00,"2-2","Litter/Moss/Lichen",17.69,
"Weir","S",2006,"Site",,6/29/2006 0:00:00,"3-2","Forbs",3.43,
"Weir","S",2006,"Site",,6/29/2006 0:00:00,"3-2","Graminoids",22.15,
"Weir","S",2006,"Site",,6/29/2006 0:00:00,"3-2","Litter/Moss/Lichen",42.10,
"Ausable","S",2007,"Site",,6/12/2007 0:00:00,"1","Forbs",46.50,
"Ausable","S",2007,"Site",,6/12/2007 0:00:00,"1","Graminoids",33.24,
"Ausable","S",2007,"Site",,6/12/2007 0:00:00,"1","Litter/Moss/Lichen",200.62,
"Ausable","S",2007,"Site",,6/12/2007 0:00:00,"2","Forbs",21.58,
"Ausable","S",2007,"Site",,6/12/2007 0:00:00,"2","Graminoids",89.04,
"Ausable","S",2007,"Site",,6/12/2007 0:00:00,"2","Litter/Moss/Lichen",44.60,
"Ausable","S",2007,"Site",,6/12/2007 0:00:00,"3","Forbs",29.24,
"Ausable","S",2007,"Site",,6/12/2007 0:00:00,"3","Graminoids",73.48,
"Ausable","S",2007,"Site",,6/12/2007 0:00:00,"3","Litter/Moss/Lichen",85.30,
"Bellfountain","S",2007,"Site",,6/21/2007 0:00:00,"1","Forbs",16.82,
"Bellfountain","S",2007,"Site",,6/21/2007 0:00:00,"1","Graminoids",54.72,
"Bellfountain","S",2007,"Site",,6/21/2007 0:00:00,"1","Litter/Moss/Lichen",34.36,
"Bellfountain","S",2007,"Site",,6/21/2007 0:00:00,"2","Forbs",5.78,
"Bellfountain","S",2007,"Site",,6/21/2007 0:00:00,"2","Graminoids",54.53,
"Bellfountain","S",2007,"Site",,6/21/2007 0:00:00,"2","Litter/Moss/Lichen",30.68,
"Bellfountain","S",2007,"Site",,6/21/2007 0:00:00,"3","Forbs",22.30,
"Bellfountain","S",2007,"Site",,6/21/2007 0:00:00,"3","Graminoids",32.25,
"Bellfountain","S",2007,"Site",,6/21/2007 0:00:00,"3","Litter/Moss/Lichen",22.85,
"Bellfountain","S",2007,"Site",,6/21/2007 0:00:00,"4","Forbs",35.27,
"Bellfountain","S",2007,"Site",,6/21/2007 0:00:00,"4","Graminoids",47.02,
"Bellfountain","S",2007,"Site",,6/21/2007 0:00:00,"4","Litter/Moss/Lichen",13.10,
"Bellfountain","S",2007,"Site",,6/21/2007 0:00:00,"5","Forbs",13.38,
"Bellfountain","S",2007,"Site",,6/21/2007 0:00:00,"5","Graminoids",58.25,
"Bellfountain","S",2007,"Site",,6/21/2007 0:00:00,"5","Litter/Moss/Lichen",25.55,
"Glacial","S",2007,"Site",,6/15/2007 0:00:00,"1","Forbs",3.52,
"Glacial","S",2007,"Site",,6/15/2007 0:00:00,"1","Graminoids",15.61,
"Glacial","S",2007,"Site",,6/15/2007 0:00:00,"1","Litter/Moss/Lichen",56.07,
"Glacial","S",2007,"Site",,6/12/2007 0:00:00,"2","Forbs",26.54,
"Glacial","S",2007,"Site",,6/12/2007 0:00:00,"2","Graminoids",17.28,
"Glacial","S",2007,"Site",,6/12/2007 0:00:00,"2","Litter/Moss/Lichen",76.12,
"Glacial","S",2007,"Site",,6/12/2007 0:00:00,"3","Forbs",6.30,
"Glacial","S",2007,"Site",,6/12/2007 0:00:00,"3","Graminoids",10.90,
"Glacial","S",2007,"Site",,6/12/2007 0:00:00,"3","Litter/Moss/Lichen",77.00,
"Hoskins","S",2007,"Site",,6/21/2007 0:00:00,"1","Forbs",23.93,
"Hoskins","S",2007,"Site",,6/21/2007 0:00:00,"1","Graminoids",9.12,
"Hoskins","S",2007,"Site",,6/21/2007 0:00:00,"1","Litter/Moss/Lichen",88.78,
"Hoskins","S",2007,"Site",,6/21/2007 0:00:00,"2","Forbs",20.77,
"Hoskins","S",2007,"Site",,6/21/2007 0:00:00,"2","Graminoids",13.75,
"Hoskins","S",2007,"Site",,6/21/2007 0:00:00,"2","Shrubs",10.24,
"Hoskins","S",2007,"Site",,6/21/2007 0:00:00,"2","Litter/Moss/Lichen",28.88,
"Hoskins","S",2007,"Site",,6/21/2007 0:00:00,"2","Shrubs",0.33,
"Hoskins","S",2007,"Site",,6/21/2007 0:00:00,"3","Forbs",31.85,
"Hoskins","S",2007,"Site",,6/21/2007 0:00:00,"3","Graminoids",19.19,
"Hoskins","S",2007,"Site",,6/21/2007 0:00:00,"3","Shrubs",4.19,
"Hoskins","S",2007,"Site",,6/21/2007 0:00:00,"3","Litter/Moss/Lichen",55.71,
"Mima","S",2007,"Site",,6/15/2007 0:00:00,"1","Forbs",23.36,
"Mima","S",2007,"Site",,6/15/2007 0:00:00,"1","Graminoids",35.77,
"Mima","S",2007,"Site",,6/15/2007 0:00:00,"1","Litter/Moss/Lichen",144.92,
"Mima","S",2007,"Site",,6/15/2007 0:00:00,"2","Forbs",14.42,
"Mima","S",2007,"Site",,6/15/2007 0:00:00,"2","Graminoids",11.19,
"Mima","S",2007,"Site",,6/15/2007 0:00:00,"2","Litter/Moss/Lichen",237.58,
"Mima","S",2007,"Site",,6/15/2007 0:00:00,"3","Forbs",22.53,
"Mima","S",2007,"Site",,6/15/2007 0:00:00,"3","Graminoids",14.28,
"Mima","S",2007,"Site",,6/15/2007 0:00:00,"3","Litter/Moss/Lichen",227.69,
"Morgan","S",2007,"Site",,6/15/2007 0:00:00,"1","Fern",0.01,
"Morgan","S",2007,"Site",,6/15/2007 0:00:00,"1","Forbs",18.44,
"Morgan","S",2007,"Site",,6/15/2007 0:00:00,"1","Graminoids",8.07,
"Morgan","S",2007,"Site",,6/15/2007 0:00:00,"1","Litter/Moss/Lichen",111.55,
"Morgan","S",2007,"Site",,6/15/2007 0:00:00,"2","Forbs",12.64,
"Morgan","S",2007,"Site",,6/15/2007 0:00:00,"2","Graminoids",19.94,
"Morgan","S",2007,"Site",,6/15/2007 0:00:00,"2","Litter/Moss/Lichen",161.58,
"Morgan","S",2007,"Site",,6/12/2007 0:00:00,"3","Forbs",18.60,
"Morgan","S",2007,"Site",,6/12/2007 0:00:00,"3","Graminoids",6.94,
"Morgan","S",2007,"Site",,6/12/2007 0:00:00,"3","Litter/Moss/Lichen",438.60,
"Pigeon","S",2007,"Site",,7/23/2007 0:00:00,"1","Forbs",17.10,
"Pigeon","S",2007,"Site",,7/25/2007 0:00:00,"1","Graminoids",126.82,
"Pigeon","S",2007,"Site",,7/24/2007 0:00:00,"1","Litter/Moss/Lichen",39.36,
"Pigeon","S",2007,"Site",,7/30/2007 0:00:00,"2","Forbs",53.09,
"Pigeon","S",2007,"Site",,7/31/2007 0:00:00,"2","Graminoids",51.61,
"Pigeon","S",2007,"Site",,8/1/2007 0:00:00,"2","Litter/Moss/Lichen",20.25,
"Pigeon","S",2007,"Site",,7/27/2007 0:00:00,"3","Forbs",65.73,
"Pigeon","S",2007,"Site",,7/26/2007 0:00:00,"3","Graminoids",54.52,
"Pigeon","S",2007,"Site",,7/29/2007 0:00:00,"3","Shrubs",0.56,
"Pigeon","S",2007,"Site",,7/28/2007 0:00:00,"3","Litter/Moss/Lichen",56.67,
"Scatter","S",2007,"Site",,6/12/2007 0:00:00,"1","Forbs",8.92,
"Scatter","S",2007,"Site",,6/12/2007 0:00:00,"1","Graminoids",61.70,
"Scatter","S",2007,"Site",,6/12/2007 0:00:00,"1","Shrubs",3.78,
"Scatter","S",2007,"Site",,6/12/2007 0:00:00,"1","Litter/Moss/Lichen",185.76,
"Scatter","S",2007,"Site",,6/21/2007 0:00:00,"2","Fern",0.47,
"Scatter","S",2007,"Site",,6/21/2007 0:00:00,"2","Forbs",4.44,
"Scatter","S",2007,"Site",,6/21/2007 0:00:00,"2","Graminoids",22.35,
"Scatter","S",2007,"Site",,6/21/2007 0:00:00,"2","Shrubs",0.04,
"Scatter","S",2007,"Site",,6/21/2007 0:00:00,"2","Litter/Moss/Lichen",86.55,
"Scatter","S",2007,"Site",,6/15/2007 0:00:00,"3","Forbs",7.50,
"Scatter","S",2007,"Site",,6/15/2007 0:00:00,"3","Graminoids",28.25,
"Scatter","S",2007,"Site",,6/15/2007 0:00:00,"3","Shrubs",1.48,
"Scatter","S",2007,"Site",,6/15/2007 0:00:00,"3","Litter/Moss/Lichen",123.44,
"Triangle","S",2007,"Site",,6/12/2007 0:00:00,"1","Forbs",14.98,
"Triangle","S",2007,"Site",,6/12/2007 0:00:00,"1","Graminoids",57.84,
"Triangle","S",2007,"Site",,6/12/2007 0:00:00,"1","Litter/Moss/Lichen",137.38,
"Triangle","S",2007,"Site",,6/12/2007 0:00:00,"2","Forbs",18.52,
"Triangle","S",2007,"Site",,6/12/2007 0:00:00,"2","Graminoids",52.22,
"Triangle","S",2007,"Site",,6/12/2007 0:00:00,"2","Litter/Moss/Lichen",154.10,
"Triangle","S",2007,"Site",,6/12/2007 0:00:00,"3","Forbs",18.20,
"Triangle","S",2007,"Site",,6/12/2007 0:00:00,"3","Graminoids",23.44,
"Triangle","S",2007,"Site",,6/12/2007 0:00:00,"3","Litter/Moss/Lichen",78.22,
"Weir","S",2007,"Site",,6/15/2007 0:00:00,"1","Forbs",0.81,
"Weir","S",2007,"Site",,6/15/2007 0:00:00,"1","Graminoids",18.94,
"Weir","S",2007,"Site",,6/15/2007 0:00:00,"1","Shrubs",0.01,
"Weir","S",2007,"Site",,6/15/2007 0:00:00,"1","Litter/Moss/Lichen",142.70,
"Weir","S",2007,"Site",,6/15/2007 0:00:00,"2","Forbs",8.55,
"Weir","S",2007,"Site",,6/15/2007 0:00:00,"2","Graminoids",8.13,
"Weir","S",2007,"Site",,6/15/2007 0:00:00,"2","Shrubs",0.01,
"Weir","S",2007,"Site",,6/15/2007 0:00:00,"2","Litter/Moss/Lichen",42.49,
"Weir","S",2007,"Site",,6/12/2007 0:00:00,"3","Forbs",8.86,
"Weir","S",2007,"Site",,6/12/2007 0:00:00,"3","Graminoids",26.84,
"Weir","S",2007,"Site",,6/12/2007 0:00:00,"3","Litter/Moss/Lichen",61.04,
"Bellfountain","S",2009,"Plot","BF-3",6/29/2009 0:00:00,"3","Forbs",7.31,3
"Bellfountain","S",2009,"Plot","BF-3",6/29/2009 0:00:00,"3","Shrubs",0.52,3
"Bellfountain","S",2009,"Plot","BF-6",6/29/2009 0:00:00,"6","Forbs",13.08,6
"Bellfountain","S",2009,"Plot","BF-8",6/29/2009 0:00:00,"8","Litter/Moss/Lichen",4.12,8
"Bellfountain","S",2009,"Plot","BF-10",6/29/2009 0:00:00,"10","Forbs",15.54,10
"Bellfountain","S",2009,"Plot","BF-10",6/29/2009 0:00:00,"10","Graminoids",0.69,10
"Bellfountain","S",2009,"Plot","BF-10",6/29/2009 0:00:00,"10","Litter/Moss/Lichen",1.61,10
"Bellfountain","S",2009,"Plot","BF-13",6/29/2009 0:00:00,"13","Graminoids",1.55,13
"Bellfountain","S",2009,"Plot","BF-15",6/29/2009 0:00:00,"15","Litter/Moss/Lichen",3.22,15
"Bellfountain","S",2009,"Plot","BF-17",6/29/2009 0:00:00,"17","Forbs",7.28,17
"Bellfountain","S",2009,"Plot","BF-17",6/29/2009 0:00:00,"17","Litter/Moss/Lichen",22.28,17
"Bellfountain","S",2009,"Plot","BF-18",6/29/2009 0:00:00,"18","Forbs",18.71,18
"Bellfountain","S",2009,"Plot","BF-20",6/29/2009 0:00:00,"20","Litter/Moss/Lichen",6.86,20
"Bellfountain","S",2009,"Plot","BF-23",6/29/2009 0:00:00,"23","Forbs",12.43,23
"Bellfountain","S",2009,"Plot","BF-24",6/29/2009 0:00:00,"24","Forbs",15.81,24
"Bellfountain","S",2009,"Plot","BF-24",6/29/2009 0:00:00,"24","Litter/Moss/Lichen",12.96,24
"Bellfountain","S",2009,"Plot","BF-26",6/29/2009 0:00:00,"26","Forbs",9.29,26
"Bellfountain","S",2009,"Plot","BF-33",6/29/2009 0:00:00,"33","Graminoids",12.39,33
"Bellfountain","S",2009,"Plot","BF-33",6/29/2009 0:00:00,"33","Litter/Moss/Lichen",18.12,33
"Bellfountain","S",2009,"Plot","BF-35",6/29/2009 0:00:00,"35","Graminoids",8.62,35
"Bellfountain","S",2009,"Plot","BF-35",6/29/2009 0:00:00,"35","Litter/Moss/Lichen",15.41,35
"Bellfountain","S",2009,"Plot","BF-37",6/29/2009 0:00:00,"37","Litter/Moss/Lichen",9.59,37
"Bellfountain","S",2009,"Plot","BF-40",6/29/2009 0:00:00,"40","Litter/Moss/Lichen",22.92,40
"Glacial","S",2009,"Plot","GH-1",6/19/2009 0:00:00,"1","Forbs",6.71,1
"Glacial","S",2009,"Plot","GH-1",6/19/2009 0:00:00,"1","Graminoids",2.87,1
"Glacial","S",2009,"Plot","GH-1",6/19/2009 0:00:00,"1","Litter/Moss/Lichen",16.43,1
"Glacial","S",2009,"Plot","GH-2",6/19/2009 0:00:00,"2","Forbs",6.56,2
"Glacial","S",2009,"Plot","GH-2",6/19/2009 0:00:00,"2","Graminoids",2.48,2
"Glacial","S",2009,"Plot","GH-2",6/19/2009 0:00:00,"2","Litter/Moss/Lichen",31.95,2
"Glacial","S",2009,"Plot","GH-2",6/19/2009 0:00:00,"2","Shrubs",0.08,2
"Glacial","S",2009,"Plot","GH-3",6/19/2009 0:00:00,"3","Forbs",4.58,3
"Glacial","S",2009,"Plot","GH-3",6/19/2009 0:00:00,"3","Graminoids",10.37,3
"Glacial","S",2009,"Plot","GH-3",6/19/2009 0:00:00,"3","Litter/Moss/Lichen",27.56,3
"Glacial","S",2009,"Plot","GH-4",6/19/2009 0:00:00,"4","Forbs",0.41,4
"Glacial","S",2009,"Plot","GH-4",6/19/2009 0:00:00,"4","Graminoids",6.41,4
"Glacial","S",2009,"Plot","GH-4",6/19/2009 0:00:00,"4","Litter/Moss/Lichen",12.28,4
"Glacial","S",2009,"Plot","GH-5",6/19/2009 0:00:00,"5","Forbs",5.31,5
"Glacial","S",2009,"Plot","GH-5",6/19/2009 0:00:00,"5","Graminoids",8.10,5
"Glacial","S",2009,"Plot","GH-5",6/19/2009 0:00:00,"5","Litter/Moss/Lichen",13.34,5
"Glacial","S",2009,"Plot","GH-6",6/19/2009 0:00:00,"6","Forbs",3.78,6
"Glacial","S",2009,"Plot","GH-6",6/19/2009 0:00:00,"6","Graminoids",2.65,6
"Glacial","S",2009,"Plot","GH-6",6/19/2009 0:00:00,"6","Litter/Moss/Lichen",4.72,6
"Glacial","S",2009,"Plot","GH-7",6/19/2009 0:00:00,"7","Forbs",6.01,7
"Glacial","S",2009,"Plot","GH-7",6/19/2009 0:00:00,"7","Graminoids",0.08,7
"Glacial","S",2009,"Plot","GH-7",6/19/2009 0:00:00,"7","Litter/Moss/Lichen",11.92,7
"Glacial","S",2009,"Plot","GH-8",6/19/2009 0:00:00,"8","Forbs",5.74,8
"Glacial","S",2009,"Plot","GH-8",6/19/2009 0:00:00,"8","Graminoids",0.76,8
"Glacial","S",2009,"Plot","GH-8",6/19/2009 0:00:00,"8","Litter/Moss/Lichen",82.91,8
"Glacial","S",2009,"Plot","GH-9",6/19/2009 0:00:00,"9","Forbs",0.88,9
"Glacial","S",2009,"Plot","GH-9",6/19/2009 0:00:00,"9","Graminoids",4.69,9
"Glacial","S",2009,"Plot","GH-9",6/19/2009 0:00:00,"9","Litter/Moss/Lichen",42.20,9
"Glacial","S",2009,"Plot","GH-10",6/19/2009 0:00:00,"10","Forbs",2.39,10
"Glacial","S",2009,"Plot","GH-10",6/19/2009 0:00:00,"10","Graminoids",4.95,10
"Glacial","S",2009,"Plot","GH-10",6/19/2009 0:00:00,"10","Litter/Moss/Lichen",4.21,10
"Glacial","S",2009,"Plot","GH-11",6/19/2009 0:00:00,"11","Forbs",2.81,11
"Glacial","S",2009,"Plot","GH-11",6/19/2009 0:00:00,"11","Graminoids",3.72,11
"Glacial","S",2009,"Plot","GH-11",6/19/2009 0:00:00,"11","Litter/Moss/Lichen",1.58,11
"Glacial","S",2009,"Plot","GH-12",6/19/2009 0:00:00,"12","Forbs",2.41,12
"Glacial","S",2009,"Plot","GH-12",6/19/2009 0:00:00,"12","Graminoids",13.31,12
"Glacial","S",2009,"Plot","GH-12",6/19/2009 0:00:00,"12","Litter/Moss/Lichen",1.15,12
"Glacial","S",2009,"Plot","GH-13",6/19/2009 0:00:00,"13","Forbs",4.02,13
"Glacial","S",2009,"Plot","GH-13",6/19/2009 0:00:00,"13","Graminoids",1.01,13
"Glacial","S",2009,"Plot","GH-13",6/19/2009 0:00:00,"13","Litter/Moss/Lichen",2.31,13
"Glacial","S",2009,"Plot","GH-14",6/19/2009 0:00:00,"14","Forbs",3.88,14
"Glacial","S",2009,"Plot","GH-14",6/19/2009 0:00:00,"14","Graminoids",3.02,14
"Glacial","S",2009,"Plot","GH-14",6/19/2009 0:00:00,"14","Litter/Moss/Lichen",35.22,14
"Glacial","S",2009,"Plot","GH-15",6/19/2009 0:00:00,"15","Forbs",3.71,15
"Glacial","S",2009,"Plot","GH-15",6/19/2009 0:00:00,"15","Graminoids",5.87,15
"Glacial","S",2009,"Plot","GH-15",6/19/2009 0:00:00,"15","Litter/Moss/Lichen",44.88,15
"Glacial","S",2009,"Plot","GH-16",6/19/2009 0:00:00,"16","Forbs",2.77,16
"Glacial","S",2009,"Plot","GH-16",6/19/2009 0:00:00,"16","Graminoids",13.12,16
"Glacial","S",2009,"Plot","GH-16",6/19/2009 0:00:00,"16","Litter/Moss/Lichen",0.92,16
"Glacial","S",2009,"Plot","GH-17",6/19/2009 0:00:00,"17","Forbs",4.22,17
"Glacial","S",2009,"Plot","GH-17",6/19/2009 0:00:00,"17","Graminoids",5.94,17
"Glacial","S",2009,"Plot","GH-17",6/19/2009 0:00:00,"17","Litter/Moss/Lichen",28.43,17
"Glacial","S",2009,"Plot","GH-18",6/19/2009 0:00:00,"18","Forbs",0.38,18
"Glacial","S",2009,"Plot","GH-18",6/19/2009 0:00:00,"18","Graminoids",5.91,18
"Glacial","S",2009,"Plot","GH-18",6/19/2009 0:00:00,"18","Litter/Moss/Lichen",46.09,18
"Glacial","S",2009,"Plot","GH-19",6/19/2009 0:00:00,"19","Forbs",2.57,19
"Glacial","S",2009,"Plot","GH-19",6/19/2009 0:00:00,"19","Graminoids",11.21,19
"Glacial","S",2009,"Plot","GH-19",6/19/2009 0:00:00,"19","Litter/Moss/Lichen",29.01,19
"Glacial","S",2009,"Plot","GH-20",6/19/2009 0:00:00,"20","Forbs",2.91,20
"Glacial","S",2009,"Plot","GH-20",6/19/2009 0:00:00,"20","Graminoids",6.01,20
"Glacial","S",2009,"Plot","GH-20",6/19/2009 0:00:00,"20","Litter/Moss/Lichen",53.18,20
"Pigeon","S",2009,"Plot","PB-6",7/1/2009 0:00:00,"6","Graminoids",3.40,6
"Pigeon","S",2009,"Plot","PB-17",7/1/2009 0:00:00,"17","Forbs",24.15,17
"Pigeon","S",2009,"Plot","PB-17",7/1/2009 0:00:00,"17","Shrubs",3.35,17
"Pigeon","S",2009,"Plot","PB-24",7/1/2009 0:00:00,"24","Forbs",20.23,24
"Pigeon","S",2009,"Plot","PB-27",7/1/2009 0:00:00,"27","Forbs",17.48,27
"Pigeon","S",2009,"Plot","PB-28",7/1/2009 0:00:00,"28","Forbs",11.51,28
"Pigeon","S",2009,"Plot","PB-35",7/1/2009 0:00:00,"35","Forbs",4.11,35
"Pigeon","S",2009,"Plot","PB-35",7/1/2009 0:00:00,"35","Litter/Moss/Lichen",0.54,35
"Pigeon","S",2009,"Plot","PB-39",7/1/2009 0:00:00,"39","Forbs",8.62,39
"Pigeon","S",2009,"Plot","PB-42",7/1/2009 0:00:00,"42","Graminoids",8.52,42
"Pigeon","S",2009,"Plot","PB-43",7/1/2009 0:00:00,"43","Litter/Moss/Lichen",2.27,43
"Pigeon","S",2009,"Plot","PB-44",7/1/2009 0:00:00,"44","Forbs",8.30,44
"Pigeon","S",2009,"Plot","PB-44",7/1/2009 0:00:00,"44","Shrubs",0.45,44
"Pigeon","S",2009,"Plot","PB-45",7/1/2009 0:00:00,"45","Shrubs",9.38,45
"Pigeon","S",2009,"Plot","PB-46",7/1/2009 0:00:00,"46","Graminoids",9.26,46
"Triangle","S",2009,"Plot","TR-1",6/18/2009 0:00:00,"1","Forbs",19.12,1
"Triangle","S",2009,"Plot","TR-1",6/18/2009 0:00:00,"1","Graminoids",18.33,1
"Triangle","S",2009,"Plot","TR-1",6/18/2009 0:00:00,"1","Litter/Moss/Lichen",22.29,1
"Triangle","S",2009,"Plot","TR-1",6/18/2009 0:00:00,"1","Shrubs",1.08,1
"Triangle","S",2009,"Plot","TR-2",6/18/2009 0:00:00,"2","Forbs",6.81,2
"Triangle","S",2009,"Plot","TR-2",6/18/2009 0:00:00,"2","Graminoids",21.95,2
"Triangle","S",2009,"Plot","TR-2",6/18/2009 0:00:00,"2","Litter/Moss/Lichen",25.30,2
"Triangle","S",2009,"Plot","TR-3",6/18/2009 0:00:00,"3","Forbs",13.80,3
"Triangle","S",2009,"Plot","TR-3",6/18/2009 0:00:00,"3","Graminoids",8.15,3
"Triangle","S",2009,"Plot","TR-3",6/18/2009 0:00:00,"3","Litter/Moss/Lichen",18.65,3
"Triangle","S",2009,"Plot","TR-4",6/18/2009 0:00:00,"4","Forbs",19.37,4
"Triangle","S",2009,"Plot","TR-4",6/18/2009 0:00:00,"4","Graminoids",2.02,4
"Triangle","S",2009,"Plot","TR-4",6/18/2009 0:00:00,"4","Litter/Moss/Lichen",0.28,4
"Triangle","S",2009,"Plot","TR-5",6/18/2009 0:00:00,"5","Forbs",12.34,5
"Triangle","S",2009,"Plot","TR-5",6/18/2009 0:00:00,"5","Graminoids",13.90,5
"Triangle","S",2009,"Plot","TR-5",6/18/2009 0:00:00,"5","Litter/Moss/Lichen",21.93,5
"Triangle","S",2009,"Plot","TR-6",6/18/2009 0:00:00,"6","Forbs",7.95,6
"Triangle","S",2009,"Plot","TR-6",6/18/2009 0:00:00,"6","Graminoids",5.49,6
"Triangle","S",2009,"Plot","TR-6",6/18/2009 0:00:00,"6","Litter/Moss/Lichen",0.59,6
"Triangle","S",2009,"Plot","TR-7",6/18/2009 0:00:00,"7","Forbs",7.04,7
"Triangle","S",2009,"Plot","TR-7",6/18/2009 0:00:00,"7","Graminoids",14.49,7
"Triangle","S",2009,"Plot","TR-7",6/18/2009 0:00:00,"7","Litter/Moss/Lichen",21.57,7
"Triangle","S",2009,"Plot","TR-8",6/18/2009 0:00:00,"8","Forbs",5.13,8
"Triangle","S",2009,"Plot","TR-8",6/18/2009 0:00:00,"8","Graminoids",4.66,8
"Triangle","S",2009,"Plot","TR-8",6/18/2009 0:00:00,"8","Litter/Moss/Lichen",1.02,8
"Triangle","S",2009,"Plot","TR-9",6/18/2009 0:00:00,"9","Forbs",10.13,9
"Triangle","S",2009,"Plot","TR-9",6/18/2009 0:00:00,"9","Graminoids",6.28,9
"Triangle","S",2009,"Plot","TR-9",6/18/2009 0:00:00,"9","Litter/Moss/Lichen",2.12,9
"Triangle","S",2009,"Plot","TR-10",6/18/2009 0:00:00,"10","Forbs",4.36,10
"Triangle","S",2009,"Plot","TR-10",6/18/2009 0:00:00,"10","Graminoids",6.37,10
"Triangle","S",2009,"Plot","TR-10",6/18/2009 0:00:00,"10","Litter/Moss/Lichen",18.80,10
"Triangle","S",2009,"Plot","TR-11",6/18/2009 0:00:00,"11","Forbs",13.16,11
"Triangle","S",2009,"Plot","TR-11",6/18/2009 0:00:00,"11","Graminoids",5.08,11
"Triangle","S",2009,"Plot","TR-11",6/18/2009 0:00:00,"11","Litter/Moss/Lichen",2.94,11
"Triangle","S",2009,"Plot","TR-12",6/18/2009 0:00:00,"12","Forbs",6.75,12
"Triangle","S",2009,"Plot","TR-12",6/18/2009 0:00:00,"12","Graminoids",6.45,12
"Triangle","S",2009,"Plot","TR-12",6/18/2009 0:00:00,"12","Litter/Moss/Lichen",16.93,12
"Triangle","S",2009,"Plot","TR-13",6/18/2009 0:00:00,"13","Forbs",10.63,13
"Triangle","S",2009,"Plot","TR-13",6/18/2009 0:00:00,"13","Graminoids",12.07,13
"Triangle","S",2009,"Plot","TR-13",6/18/2009 0:00:00,"13","Litter/Moss/Lichen",20.73,13
"Triangle","S",2009,"Plot","TR-14",6/18/2009 0:00:00,"14","Forbs",5.61,14
"Triangle","S",2009,"Plot","TR-14",6/18/2009 0:00:00,"14","Graminoids",7.07,14
"Triangle","S",2009,"Plot","TR-14",6/18/2009 0:00:00,"14","Litter/Moss/Lichen",2.28,14
"Triangle","S",2009,"Plot","TR-15",6/18/2009 0:00:00,"15","Forbs",4.04,15
"Triangle","S",2009,"Plot","TR-15",6/18/2009 0:00:00,"15","Graminoids",7.74,15
"Triangle","S",2009,"Plot","TR-15",6/18/2009 0:00:00,"15","Litter/Moss/Lichen",2.23,15
"Triangle","S",2009,"Plot","TR-16",6/18/2009 0:00:00,"16","Forbs",14.10,16
"Triangle","S",2009,"Plot","TR-16",6/18/2009 0:00:00,"16","Graminoids",14.78,16
"Triangle","S",2009,"Plot","TR-16",6/18/2009 0:00:00,"16","Litter/Moss/Lichen",34.06,16
"Triangle","S",2009,"Plot","TR-17",6/18/2009 0:00:00,"17","Forbs",4.95,17
"Triangle","S",2009,"Plot","TR-17",6/18/2009 0:00:00,"17","Graminoids",11.22,17
"Triangle","S",2009,"Plot","TR-17",6/18/2009 0:00:00,"17","Litter/Moss/Lichen",7.72,17
"Triangle","S",2009,"Plot","TR-18",6/18/2009 0:00:00,"18","Forbs",10.01,18
"Triangle","S",2009,"Plot","TR-18",6/18/2009 0:00:00,"18","Graminoids",9.55,18
"Triangle","S",2009,"Plot","TR-18",6/18/2009 0:00:00,"18","Litter/Moss/Lichen",24.05,18
"Triangle","S",2009,"Plot","TR-19",6/18/2009 0:00:00,"19","Forbs",4.90,19
"Triangle","S",2009,"Plot","TR-19",6/18/2009 0:00:00,"19","Graminoids",4.03,19
"Triangle","S",2009,"Plot","TR-19",6/18/2009 0:00:00,"19","Litter/Moss/Lichen",26.61,19
"Triangle","S",2009,"Plot","TR-20",6/18/2009 0:00:00,"20","Forbs",10.57,20
"Triangle","S",2009,"Plot","TR-20",6/18/2009 0:00:00,"20","Graminoids",7.49,20
"Triangle","S",2009,"Plot","TR-20",6/18/2009 0:00:00,"20","Litter/Moss/Lichen",41.71,20
"Bellfountain","S",2009,"Plot","BF-3",6/29/2009 0:00:00,"3","Graminoids",17.47,3
"Bellfountain","S",2009,"Plot","BF-3",6/29/2009 0:00:00,"3","Litter/Moss/Lichen",24.38,3
"Bellfountain","S",2009,"Plot","BF-6",6/29/2009 0:00:00,"6","Graminoids",2.34,6
"Bellfountain","S",2009,"Plot","BF-6",6/29/2009 0:00:00,"6","Litter/Moss/Lichen",8.58,6
"Bellfountain","S",2009,"Plot","BF-8",6/29/2009 0:00:00,"8","Forbs",9.06,8
"Bellfountain","S",2009,"Plot","BF-8",6/29/2009 0:00:00,"8","Graminoids",4.20,8
"Bellfountain","S",2009,"Plot","BF-10",6/29/2009 0:00:00,"10","Shrubs",1.02,10
"Bellfountain","S",2009,"Plot","BF-12",6/29/2009 0:00:00,"12","Forbs",4.51,12
"Bellfountain","S",2009,"Plot","BF-12",6/29/2009 0:00:00,"12","Graminoids",14.64,12
"Bellfountain","S",2009,"Plot","BF-12",6/29/2009 0:00:00,"12","Litter/Moss/Lichen",14.16,12
"Bellfountain","S",2009,"Plot","BF-13",6/29/2009 0:00:00,"13","Forbs",10.39,13
"Bellfountain","S",2009,"Plot","BF-13",6/29/2009 0:00:00,"13","Litter/Moss/Lichen",11.91,13
"Bellfountain","S",2009,"Plot","BF-15",6/29/2009 0:00:00,"15","Forbs",13.45,15
"Bellfountain","S",2009,"Plot","BF-15",6/29/2009 0:00:00,"15","Graminoids",2.30,15
"Bellfountain","S",2009,"Plot","BF-17",6/29/2009 0:00:00,"17","Graminoids",14.74,17
"Bellfountain","S",2009,"Plot","BF-18",6/29/2009 0:00:00,"18","Graminoids",0.22,18
"Bellfountain","S",2009,"Plot","BF-18",6/29/2009 0:00:00,"18","Litter/Moss/Lichen",16.96,18
"Bellfountain","S",2009,"Plot","BF-20",6/29/2009 0:00:00,"20","Forbs",14.59,20
"Bellfountain","S",2009,"Plot","BF-23",6/29/2009 0:00:00,"23","Graminoids",0.37,23
"Bellfountain","S",2009,"Plot","BF-23",6/29/2009 0:00:00,"23","Litter/Moss/Lichen",2.06,23
"Bellfountain","S",2009,"Plot","BF-24",6/29/2009 0:00:00,"24","Graminoids",0.69,24
"Bellfountain","S",2009,"Plot","BF-26",6/29/2009 0:00:00,"26","Graminoids",0.62,26
"Bellfountain","S",2009,"Plot","BF-26",6/29/2009 0:00:00,"26","Litter/Moss/Lichen",8.64,26
"Bellfountain","S",2009,"Plot","BF-27",6/29/2009 0:00:00,"27","Forbs",4.01,27
"Bellfountain","S",2009,"Plot","BF-27",6/29/2009 0:00:00,"27","Graminoids",17.12,27
"Bellfountain","S",2009,"Plot","BF-27",6/29/2009 0:00:00,"27","Litter/Moss/Lichen",17.52,27
"Bellfountain","S",2009,"Plot","BF-33",6/29/2009 0:00:00,"33","Forbs",2.25,33
"Bellfountain","S",2009,"Plot","BF-34",6/29/2009 0:00:00,"34","Forbs",9.08,34
"Bellfountain","S",2009,"Plot","BF-34",6/29/2009 0:00:00,"34","Graminoids",6.83,34
"Bellfountain","S",2009,"Plot","BF-34",6/29/2009 0:00:00,"34","Litter/Moss/Lichen",13.56,34
"Bellfountain","S",2009,"Plot","BF-34",6/29/2009 0:00:00,"34","Shrubs",0.91,34
"Bellfountain","S",2009,"Plot","BF-35",6/29/2009 0:00:00,"35","Forbs",12.29,35
"Bellfountain","S",2009,"Plot","BF-35",6/29/2009 0:00:00,"35","Shrubs",3.43,35
"Bellfountain","S",2009,"Plot","BF-37",6/29/2009 0:00:00,"37","Forbs",7.71,37
"Bellfountain","S",2009,"Plot","BF-37",6/29/2009 0:00:00,"37","Graminoids",0.38,37
"Bellfountain","S",2009,"Plot","BF-40",6/29/2009 0:00:00,"40","Forbs",9.93,40
"Bellfountain","S",2009,"Plot","BF-40",6/29/2009 0:00:00,"40","Graminoids",9.61,40
"Bellfountain","S",2009,"Plot","BF-44",6/29/2009 0:00:00,"44","Forbs",40.54,44
"Bellfountain","S",2009,"Plot","BF-44",6/29/2009 0:00:00,"44","Graminoids",0.10,44
"Bellfountain","S",2009,"Plot","BF-44",6/29/2009 0:00:00,"44","Litter/Moss/Lichen",27.25,44
"Hoskins","S",2009,"Plot","FH-2",6/25/2009 0:00:00,"2","Forbs",5.30,2
"Hoskins","S",2009,"Plot","FH-2",6/25/2009 0:00:00,"2","Graminoids",3.80,2
"Hoskins","S",2009,"Plot","FH-2",6/25/2009 0:00:00,"2","Litter/Moss/Lichen",33.94,2
"Hoskins","S",2009,"Plot","FH-2",6/25/2009 0:00:00,"2","Shrubs",0.09,2
"Hoskins","S",2009,"Plot","FH-6",6/25/2009 0:00:00,"6","Forbs",11.66,6
"Hoskins","S",2009,"Plot","FH-6",6/25/2009 0:00:00,"6","Litter/Moss/Lichen",10.49,6
"Hoskins","S",2009,"Plot","FH-9",6/25/2009 0:00:00,"9","Graminoids",12.33,9
"Hoskins","S",2009,"Plot","FH-9",6/25/2009 0:00:00,"9","Shrubs",0.15,9
"Hoskins","S",2009,"Plot","FH-11",6/25/2009 0:00:00,"11","Graminoids",4.06,11
"Hoskins","S",2009,"Plot","FH-16",6/25/2009 0:00:00,"16","Litter/Moss/Lichen",4.92,16
"Hoskins","S",2009,"Plot","FH-20",6/25/2009 0:00:00,"20","Shrubs",3.70,20
"Hoskins","S",2009,"Plot","FH-21",6/25/2009 0:00:00,"21","Litter/Moss/Lichen",2.34,21
"Hoskins","S",2009,"Plot","FH-25",6/25/2009 0:00:00,"25","Litter/Moss/Lichen",4.73,25
"Hoskins","S",2009,"Plot","FH-25",6/25/2009 0:00:00,"25","Shrubs",1.12,25
"Hoskins","S",2009,"Plot","FH-30",6/25/2009 0:00:00,"30","Forbs",12.90,30
"Hoskins","S",2009,"Plot","FH-30",6/25/2009 0:00:00,"30","Graminoids",4.47,30
"Hoskins","S",2009,"Plot","FH-30",6/25/2009 0:00:00,"30","Litter/Moss/Lichen",7.94,30
"Hoskins","S",2009,"Plot","FH-30",6/25/2009 0:00:00,"30","Shrubs",0.07,30
"Hoskins","S",2009,"Plot","FH-32",6/25/2009 0:00:00,"32","Graminoids",3.59,32
"Hoskins","S",2009,"Plot","FH-32",6/25/2009 0:00:00,"32","Litter/Moss/Lichen",1.83,32
"Hoskins","S",2009,"Plot","FH-33",6/25/2009 0:00:00,"33","Graminoids",0.44,33
"Hoskins","S",2009,"Plot","FH-37",6/25/2009 0:00:00,"37","Forbs",7.43,37
"Hoskins","S",2009,"Plot","FH-37",6/25/2009 0:00:00,"37","Graminoids",9.55,37
"Hoskins","S",2009,"Plot","FH-39",6/25/2009 0:00:00,"39","Forbs",19.04,39
"Hoskins","S",2009,"Plot","FH-39",6/25/2009 0:00:00,"39","Litter/Moss/Lichen",28.19,39
"Hoskins","S",2009,"Plot","FH-40",6/25/2009 0:00:00,"40","Graminoids",9.94,40
"Hoskins","S",2009,"Plot","FH-42",6/25/2009 0:00:00,"42","Graminoids",5.20,42
"Hoskins","S",2009,"Plot","FH-43",6/25/2009 0:00:00,"43","Shrubs",5.18,43
"Hoskins","S",2009,"Plot","FH-44",6/25/2009 0:00:00,"44","Graminoids",10.60,44
"Hoskins","S",2009,"Plot","FH-44",6/25/2009 0:00:00,"44","Litter/Moss/Lichen",10.71,44
"Hoskins","S",2009,"Plot","FH-44",6/25/2009 0:00:00,"44","Shrubs",2.10,44
"Hoskins","S",2009,"Plot","FH-49",6/25/2009 0:00:00,"49","Forbs",5.63,49
"Hoskins","S",2009,"Plot","FH-50",6/25/2009 0:00:00,"50","Forbs",11.02,50
"Hoskins","S",2009,"Plot","FH-50",6/25/2009 0:00:00,"50","Shrubs",1.44,50
"Hoskins","S",2009,"Plot","FH-6",6/24/2009 0:00:00,"6","Graminoids",7.55,6
"Hoskins","S",2009,"Plot","FH-6",6/24/2009 0:00:00,"6","Shrubs",1.06,6
"Hoskins","S",2009,"Plot","FH-9",6/24/2009 0:00:00,"9","Forbs",9.76,9
"Hoskins","S",2009,"Plot","FH-9",6/24/2009 0:00:00,"9","Litter/Moss/Lichen",4.90,9
"Hoskins","S",2009,"Plot","FH-11",6/24/2009 0:00:00,"11","Forbs",0.01,11
"Hoskins","S",2009,"Plot","FH-11",6/24/2009 0:00:00,"11","Litter/Moss/Lichen",19.93,11
"Hoskins","S",2009,"Plot","FH-11",6/24/2009 0:00:00,"11","Shrubs",1.20,11
"Hoskins","S",2009,"Plot","FH-16",6/24/2009 0:00:00,"16","Forbs",27.71,16
"Hoskins","S",2009,"Plot","FH-16",6/24/2009 0:00:00,"16","Graminoids",5.98,16
"Hoskins","S",2009,"Plot","FH-16",6/24/2009 0:00:00,"16","Shrubs",5.52,16
"Hoskins","S",2009,"Plot","FH-20",6/24/2009 0:00:00,"20","Forbs",22.38,20
"Hoskins","S",2009,"Plot","FH-20",6/24/2009 0:00:00,"20","Graminoids",0.19,20
"Hoskins","S",2009,"Plot","FH-20",6/24/2009 0:00:00,"20","Litter/Moss/Lichen",10.32,20
"Hoskins","S",2009,"Plot","FH-21",6/24/2009 0:00:00,"21","Forbs",5.56,21
"Hoskins","S",2009,"Plot","FH-21",6/24/2009 0:00:00,"21","Graminoids",14.63,21
"Hoskins","S",2009,"Plot","FH-25",6/24/2009 0:00:00,"25","Forbs",13.18,25
"Hoskins","S",2009,"Plot","FH-25",6/24/2009 0:00:00,"25","Graminoids",14.18,25
"Hoskins","S",2009,"Plot","FH-32",6/24/2009 0:00:00,"32","Forbs",13.94,32
"Hoskins","S",2009,"Plot","FH-32",6/24/2009 0:00:00,"32","Shrubs",13.93,32
"Hoskins","S",2009,"Plot","FH-33",6/24/2009 0:00:00,"33","Forbs",16.67,33
"Hoskins","S",2009,"Plot","FH-33",6/24/2009 0:00:00,"33","Litter/Moss/Lichen",1.06,33
"Hoskins","S",2009,"Plot","FH-33",6/24/2009 0:00:00,"33","Shrubs",7.85,33
"Hoskins","S",2009,"Plot","FH-37",6/24/2009 0:00:00,"37","Litter/Moss/Lichen",30.04,37
"Hoskins","S",2009,"Plot","FH-37",6/24/2009 0:00:00,"37","Shrubs",1.40,37
"Hoskins","S",2009,"Plot","FH-38",6/24/2009 0:00:00,"38","Forbs",11.96,38
"Hoskins","S",2009,"Plot","FH-38",6/24/2009 0:00:00,"38","Graminoids",8.18,38
"Hoskins","S",2009,"Plot","FH-38",6/24/2009 0:00:00,"38","Litter/Moss/Lichen",29.61,38
"Hoskins","S",2009,"Plot","FH-38",6/24/2009 0:00:00,"38","Shrubs",0.15,38
"Hoskins","S",2009,"Plot","FH-39",6/24/2009 0:00:00,"39","Graminoids",5.82,39
"Hoskins","S",2009,"Plot","FH-39",6/24/2009 0:00:00,"39","Shrubs",0.31,39
"Hoskins","S",2009,"Plot","FH-40",6/24/2009 0:00:00,"40","Forbs",16.30,40
"Hoskins","S",2009,"Plot","FH-40",6/24/2009 0:00:00,"40","Litter/Moss/Lichen",10.01,40
"Hoskins","S",2009,"Plot","FH-40",6/24/2009 0:00:00,"40","Shrubs",2.31,40
"Hoskins","S",2009,"Plot","FH-42",6/24/2009 0:00:00,"42","Forbs",11.79,42
"Hoskins","S",2009,"Plot","FH-42",6/24/2009 0:00:00,"42","Litter/Moss/Lichen",18.74,42
"Hoskins","S",2009,"Plot","FH-43",6/24/2009 0:00:00,"43","Graminoids",16.23,43
"Hoskins","S",2009,"Plot","FH-43",6/24/2009 0:00:00,"43","Litter/Moss/Lichen",4.96,43
"Hoskins","S",2009,"Plot","FH-44",6/24/2009 0:00:00,"44","Forbs",13.61,44
"Hoskins","S",2009,"Plot",,6/24/2009 0:00:00,"45","Forbs",6.15,45
"Hoskins","S",2009,"Plot","FH-49",6/24/2009 0:00:00,"49","Graminoids",1.91,49
"Hoskins","S",2009,"Plot","FH-49",6/24/2009 0:00:00,"49","Litter/Moss/Lichen",5.97,49
"Hoskins","S",2009,"Plot","FH-49",6/24/2009 0:00:00,"49","Shrubs",10.17,49
"Hoskins","S",2009,"Plot","FH-50",6/24/2009 0:00:00,"50","Graminoids",4.73,50
"Hoskins","S",2009,"Plot","FH-50",6/24/2009 0:00:00,"50","Litter/Moss/Lichen",26.18,50
"Mima","S",2009,"Plot","MM-1",7/6/2009 0:00:00,"1","Forbs",11.80,1
"Mima","S",2009,"Plot","MM-1",7/6/2009 0:00:00,"1","Graminoids",1.14,1
"Mima","S",2009,"Plot","MM-1",7/6/2009 0:00:00,"1","Litter/Moss/Lichen",38.07,1
"Mima","S",2009,"Plot","MM-2",7/6/2009 0:00:00,"2","Forbs",13.98,2
"Mima","S",2009,"Plot","MM-2",7/6/2009 0:00:00,"2","Graminoids",1.64,2
"Mima","S",2009,"Plot","MM-2",7/6/2009 0:00:00,"2","Litter/Moss/Lichen",86.70,2
"Mima","S",2009,"Plot","MM-3",7/6/2009 0:00:00,"3","Forbs",9.34,3
"Mima","S",2009,"Plot","MM-3",7/6/2009 0:00:00,"3","Graminoids",3.05,3
"Mima","S",2009,"Plot","MM-3",7/6/2009 0:00:00,"3","Litter/Moss/Lichen",52.31,3
"Mima","S",2009,"Plot","MM-4",7/6/2009 0:00:00,"4","Forbs",4.52,4
"Mima","S",2009,"Plot","MM-4",7/6/2009 0:00:00,"4","Graminoids",3.77,4
"Mima","S",2009,"Plot","MM-4",7/6/2009 0:00:00,"4","Litter/Moss/Lichen",12.19,4
"Mima","S",2009,"Plot","MM-5",7/6/2009 0:00:00,"5","Forbs",12.65,5
"Mima","S",2009,"Plot","MM-5",7/6/2009 0:00:00,"5","Graminoids",23.58,5
"Mima","S",2009,"Plot","MM-5",7/6/2009 0:00:00,"5","Litter/Moss/Lichen",58.11,5
"Mima","S",2009,"Plot","MM-6",7/6/2009 0:00:00,"6","Forbs",15.40,6
"Mima","S",2009,"Plot","MM-6",7/6/2009 0:00:00,"6","Graminoids",2.83,6
"Mima","S",2009,"Plot","MM-6",7/6/2009 0:00:00,"6","Litter/Moss/Lichen",28.24,6
"Mima","S",2009,"Plot","MM-7",7/6/2009 0:00:00,"7","Forbs",15.27,7
"Mima","S",2009,"Plot","MM-7",7/6/2009 0:00:00,"7","Graminoids",11.16,7
"Mima","S",2009,"Plot","MM-7",7/6/2009 0:00:00,"7","Litter/Moss/Lichen",57.65,7
"Mima","S",2009,"Plot","MM-8",7/6/2009 0:00:00,"8","Forbs",6.99,8
"Mima","S",2009,"Plot","MM-8",7/6/2009 0:00:00,"8","Graminoids",6.11,8
"Mima","S",2009,"Plot","MM-8",7/6/2009 0:00:00,"8","Litter/Moss/Lichen",6.85,8
"Mima","S",2009,"Plot","MM-9",7/6/2009 0:00:00,"9","Forbs",5.65,9
"Mima","S",2009,"Plot","MM-9",7/6/2009 0:00:00,"9","Graminoids",30.14,9
"Mima","S",2009,"Plot","MM-9",7/6/2009 0:00:00,"9","Litter/Moss/Lichen",49.72,9
"Mima","S",2009,"Plot","MM-10",7/6/2009 0:00:00,"10","Forbs",8.95,10
"Mima","S",2009,"Plot","MM-10",7/6/2009 0:00:00,"10","Graminoids",22.88,10
"Mima","S",2009,"Plot","MM-10",7/6/2009 0:00:00,"10","Litter/Moss/Lichen",63.32,10
"Mima","S",2009,"Plot","MM-11",7/6/2009 0:00:00,"11","Forbs",3.75,11
"Mima","S",2009,"Plot","MM-11",7/6/2009 0:00:00,"11","Graminoids",6.84,11
"Mima","S",2009,"Plot","MM-11",7/6/2009 0:00:00,"11","Litter/Moss/Lichen",29.37,11
"Mima","S",2009,"Plot","MM-12",7/6/2009 0:00:00,"12","Forbs",7.18,12
"Mima","S",2009,"Plot","MM-12",7/6/2009 0:00:00,"12","Graminoids",1.42,12
"Mima","S",2009,"Plot","MM-12",7/6/2009 0:00:00,"12","Litter/Moss/Lichen",19.70,12
"Mima","S",2009,"Plot","MM-12",7/6/2009 0:00:00,"12","Shrubs",6.56,12
"Mima","S",2009,"Plot","MM-13",7/6/2009 0:00:00,"13","Forbs",9.74,13
"Mima","S",2009,"Plot","MM-13",7/6/2009 0:00:00,"13","Graminoids",1.37,13
"Mima","S",2009,"Plot","MM-13",7/6/2009 0:00:00,"13","Litter/Moss/Lichen",40.84,13
"Mima","S",2009,"Plot","MM-14",7/6/2009 0:00:00,"14","Forbs",11.04,14
"Mima","S",2009,"Plot","MM-14",7/6/2009 0:00:00,"14","Graminoids",3.90,14
"Mima","S",2009,"Plot","MM-14",7/6/2009 0:00:00,"14","Litter/Moss/Lichen",36.42,14
"Mima","S",2009,"Plot","MM-15",7/6/2009 0:00:00,"15","Forbs",7.05,15
"Mima","S",2009,"Plot","MM-15",7/6/2009 0:00:00,"15","Graminoids",0.70,15
"Mima","S",2009,"Plot","MM-15",7/6/2009 0:00:00,"15","Litter/Moss/Lichen",29.34,15
"Mima","S",2009,"Plot","MM-16",7/6/2009 0:00:00,"16","Forbs",15.43,16
"Mima","S",2009,"Plot","MM-16",7/6/2009 0:00:00,"16","Graminoids",25.96,16
"Mima","S",2009,"Plot","MM-16",7/6/2009 0:00:00,"16","Litter/Moss/Lichen",90.54,16
"Mima","S",2009,"Plot","MM-17",7/6/2009 0:00:00,"17","Forbs",12.71,17
"Mima","S",2009,"Plot","MM-17",7/6/2009 0:00:00,"17","Graminoids",3.97,17
"Mima","S",2009,"Plot","MM-17",7/6/2009 0:00:00,"17","Litter/Moss/Lichen",3.90,17
"Mima","S",2009,"Plot","MM-18",7/6/2009 0:00:00,"18","Forbs",8.46,18
"Mima","S",2009,"Plot","MM-18",7/6/2009 0:00:00,"18","Graminoids",15.18,18
"Mima","S",2009,"Plot","MM-18",7/6/2009 0:00:00,"18","Litter/Moss/Lichen",43.58,18
"Mima","S",2009,"Plot","MM-19",7/6/2009 0:00:00,"19","Forbs",17.85,19
"Mima","S",2009,"Plot","MM-19",7/6/2009 0:00:00,"19","Graminoids",8.13,19
"Mima","S",2009,"Plot","MM-19",7/6/2009 0:00:00,"19","Litter/Moss/Lichen",45.45,19
"Mima","S",2009,"Plot","MM-20",7/6/2009 0:00:00,"20","Forbs",3.07,20
"Mima","S",2009,"Plot","MM-20",7/6/2009 0:00:00,"20","Graminoids",5.84,20
"Mima","S",2009,"Plot","MM-20",7/6/2009 0:00:00,"20","Litter/Moss/Lichen",11.72,20
"Morgan","S",2009,"Plot","MP-1",7/9/2009 0:00:00,"1","Forbs",2.21,1
"Morgan","S",2009,"Plot","MP-1",7/9/2009 0:00:00,"1","Graminoids",5.70,1
"Morgan","S",2009,"Plot","MP-1",7/9/2009 0:00:00,"1","Litter/Moss/Lichen",22.11,1
"Morgan","S",2009,"Plot","MP-2",7/9/2009 0:00:00,"2","Forbs",2.57,2
"Morgan","S",2009,"Plot","MP-2",7/9/2009 0:00:00,"2","Graminoids",5.76,2
"Morgan","S",2009,"Plot","MP-2",7/9/2009 0:00:00,"2","Litter/Moss/Lichen",19.15,2
"Morgan","S",2009,"Plot","MP-3",7/9/2009 0:00:00,"3","Forbs",2.34,3
"Morgan","S",2009,"Plot","MP-3",7/9/2009 0:00:00,"3","Graminoids",0.54,3
"Morgan","S",2009,"Plot","MP-3",7/9/2009 0:00:00,"3","Litter/Moss/Lichen",2.71,3
"Morgan","S",2009,"Plot","MP-4",7/9/2009 0:00:00,"4","Forbs",10.88,4
"Morgan","S",2009,"Plot","MP-4",7/9/2009 0:00:00,"4","Graminoids",12.63,4
"Morgan","S",2009,"Plot","MP-4",7/9/2009 0:00:00,"4","Litter/Moss/Lichen",65.41,4
"Morgan","S",2009,"Plot","MP-5",7/9/2009 0:00:00,"5","Forbs",10.35,5
"Morgan","S",2009,"Plot","MP-5",7/9/2009 0:00:00,"5","Graminoids",5.90,5
"Morgan","S",2009,"Plot","MP-5",7/9/2009 0:00:00,"5","Litter/Moss/Lichen",49.12,5
"Morgan","S",2009,"Plot","MP-6",7/9/2009 0:00:00,"6","Forbs",11.17,6
"Morgan","S",2009,"Plot","MP-6",7/9/2009 0:00:00,"6","Graminoids",3.90,6
"Morgan","S",2009,"Plot","MP-6",7/9/2009 0:00:00,"6","Litter/Moss/Lichen",85.08,6
"Morgan","S",2009,"Plot","MP-7",7/9/2009 0:00:00,"7","Forbs",1.95,7
"Morgan","S",2009,"Plot","MP-7",7/9/2009 0:00:00,"7","Graminoids",13.73,7
"Morgan","S",2009,"Plot","MP-7",7/9/2009 0:00:00,"7","Litter/Moss/Lichen",95.99,7
"Morgan","S",2009,"Plot","MP-8",7/9/2009 0:00:00,"8","Forbs",1.76,8
"Morgan","S",2009,"Plot","MP-8",7/9/2009 0:00:00,"8","Graminoids",5.01,8
"Morgan","S",2009,"Plot","MP-8",7/9/2009 0:00:00,"8","Litter/Moss/Lichen",32.41,8
"Morgan","S",2009,"Plot","MP-9",7/9/2009 0:00:00,"9","Forbs",1.25,9
"Morgan","S",2009,"Plot","MP-9",7/9/2009 0:00:00,"9","Graminoids",16.24,9
"Morgan","S",2009,"Plot","MP-9",7/9/2009 0:00:00,"9","Litter/Moss/Lichen",96.91,9
"Morgan","S",2009,"Plot","MP-10",7/9/2009 0:00:00,"10","Forbs",10.96,10
"Morgan","S",2009,"Plot","MP-10",7/9/2009 0:00:00,"10","Graminoids",4.51,10
"Morgan","S",2009,"Plot","MP-10",7/9/2009 0:00:00,"10","Litter/Moss/Lichen",92.20,10
"Morgan","S",2009,"Plot","MP-11",7/9/2009 0:00:00,"11","Forbs",2.72,11
"Morgan","S",2009,"Plot","MP-11",7/9/2009 0:00:00,"11","Graminoids",1.79,11
"Morgan","S",2009,"Plot","MP-11",7/9/2009 0:00:00,"11","Litter/Moss/Lichen",38.02,11
"Morgan","S",2009,"Plot","MP-12",7/9/2009 0:00:00,"12","Forbs",0.98,12
"Morgan","S",2009,"Plot","MP-12",7/9/2009 0:00:00,"12","Graminoids",15.63,12
"Morgan","S",2009,"Plot","MP-12",7/9/2009 0:00:00,"12","Litter/Moss/Lichen",24.94,12
"Morgan","S",2009,"Plot","MP-13",7/9/2009 0:00:00,"13","Forbs",13.06,13
"Morgan","S",2009,"Plot","MP-13",7/9/2009 0:00:00,"13","Graminoids",4.55,13
"Morgan","S",2009,"Plot","MP-13",7/9/2009 0:00:00,"13","Litter/Moss/Lichen",38.66,13
"Morgan","S",2009,"Plot","MP-14",7/9/2009 0:00:00,"14","Forbs",0.14,14
"Morgan","S",2009,"Plot","MP-14",7/9/2009 0:00:00,"14","Graminoids",14.90,14
"Morgan","S",2009,"Plot","MP-14",7/9/2009 0:00:00,"14","Litter/Moss/Lichen",50.76,14
"Morgan","S",2009,"Plot","MP-15",7/9/2009 0:00:00,"15","Forbs",5.70,15
"Morgan","S",2009,"Plot","MP-15",7/9/2009 0:00:00,"15","Graminoids",6.91,15
"Morgan","S",2009,"Plot","MP-15",7/9/2009 0:00:00,"15","Litter/Moss/Lichen",116.15,15
"Morgan","S",2009,"Plot","MP-16",7/9/2009 0:00:00,"16","Forbs",16.95,16
"Morgan","S",2009,"Plot","MP-16",7/9/2009 0:00:00,"16","Graminoids",9.21,16
"Morgan","S",2009,"Plot","MP-16",7/9/2009 0:00:00,"16","Litter/Moss/Lichen",53.44,16
"Morgan","S",2009,"Plot","MP-17",7/9/2009 0:00:00,"17","Forbs",6.23,17
"Morgan","S",2009,"Plot","MP-17",7/9/2009 0:00:00,"17","Graminoids",19.63,17
"Morgan","S",2009,"Plot","MP-17",7/9/2009 0:00:00,"17","Litter/Moss/Lichen",165.04,17
"Morgan","S",2009,"Plot","MP-18",7/9/2009 0:00:00,"18","Forbs",16.25,18
"Morgan","S",2009,"Plot","MP-18",7/9/2009 0:00:00,"18","Graminoids",1.01,18
"Morgan","S",2009,"Plot","MP-18",7/9/2009 0:00:00,"18","Litter/Moss/Lichen",32.93,18
"Morgan","S",2009,"Plot","MP-19",7/9/2009 0:00:00,"19","Litter/Moss/Lichen",39.44,19
"Morgan","S",2009,"Plot","MP-20",7/9/2009 0:00:00,"20","Forbs",9.25,20
"Morgan","S",2009,"Plot","MP-20",7/9/2009 0:00:00,"20","Graminoids",3.97,20
"Morgan","S",2009,"Plot","MP-20",7/9/2009 0:00:00,"20","Litter/Moss/Lichen",88.22,20
"Pigeon","S",2009,"Plot","PB-2",7/1/2009 0:00:00,"2","Forbs",15.35,2
"Pigeon","S",2009,"Plot","PB-2",7/1/2009 0:00:00,"2","Graminoids",0.22,2
"Pigeon","S",2009,"Plot","PB-2",7/1/2009 0:00:00,"2","Litter/Moss/Lichen",1.92,2
"Pigeon","S",2009,"Plot","PB-3",7/1/2009 0:00:00,"3","Forbs",21.48,3
"Pigeon","S",2009,"Plot","PB-3",7/1/2009 0:00:00,"3","Graminoids",1.39,3
"Pigeon","S",2009,"Plot","PB-3",7/1/2009 0:00:00,"3","Litter/Moss/Lichen",13.16,3
"Pigeon","S",2009,"Plot","PB-3",7/1/2009 0:00:00,"3","Shrubs",0.78,3
"Pigeon","S",2009,"Plot","PB-5",7/1/2009 0:00:00,"5","Forbs",16.01,5
"Pigeon","S",2009,"Plot","PB-5",7/1/2009 0:00:00,"5","Graminoids",21.09,5
"Pigeon","S",2009,"Plot","PB-5",7/1/2009 0:00:00,"5","Litter/Moss/Lichen",22.94,5
"Pigeon","S",2009,"Plot","PB-5",7/1/2009 0:00:00,"5","Shrubs",3.76,5
"Pigeon","S",2009,"Plot","PB-6",7/1/2009 0:00:00,"6","Forbs",11.72,6
"Pigeon","S",2009,"Plot","PB-6",7/1/2009 0:00:00,"6","Litter/Moss/Lichen",2.43,6
"Pigeon","S",2009,"Plot","PB-6",7/1/2009 0:00:00,"6","Shrubs",3.64,6
"Pigeon","S",2009,"Plot","PB-9",7/1/2009 0:00:00,"9","Forbs",8.56,9
"Pigeon","S",2009,"Plot","PB-9",7/1/2009 0:00:00,"9","Graminoids",12.51,9
"Pigeon","S",2009,"Plot","PB-9",7/1/2009 0:00:00,"9","Litter/Moss/Lichen",12.90,9
"Pigeon","S",2009,"Plot","PB-9",7/1/2009 0:00:00,"9","Shrubs",0.98,9
"Pigeon","S",2009,"Plot","PB-12",7/1/2009 0:00:00,"12","Forbs",1.24,12
"Pigeon","S",2009,"Plot","PB-12",7/1/2009 0:00:00,"12","Graminoids",2.65,12
"Pigeon","S",2009,"Plot","PB-12",7/1/2009 0:00:00,"12","Litter/Moss/Lichen",8.82,12
"Pigeon","S",2009,"Plot","PB-17",7/1/2009 0:00:00,"17","Graminoids",0.98,17
"Pigeon","S",2009,"Plot","PB-17",7/1/2009 0:00:00,"17","Litter/Moss/Lichen",1.62,17
"Pigeon","S",2009,"Plot","PB-18",7/1/2009 0:00:00,"18","Forbs",19.82,18
"Pigeon","S",2009,"Plot","PB-18",7/1/2009 0:00:00,"18","Graminoids",5.63,18
"Pigeon","S",2009,"Plot","PB-18",7/1/2009 0:00:00,"18","Litter/Moss/Lichen",8.44,18
"Pigeon","S",2009,"Plot","PB-18",7/1/2009 0:00:00,"18","Shrubs",0.60,18
"Pigeon","S",2009,"Plot","PB-24",7/1/2009 0:00:00,"24","Graminoids",4.75,24
"Pigeon","S",2009,"Plot","PB-24",7/1/2009 0:00:00,"24","Litter/Moss/Lichen",3.25,24
"Pigeon","S",2009,"Plot","PB-26",7/1/2009 0:00:00,"26","Forbs",11.71,26
"Pigeon","S",2009,"Plot","PB-26",7/1/2009 0:00:00,"26","Graminoids",11.74,26
"Pigeon","S",2009,"Plot","PB-26",7/1/2009 0:00:00,"26","Litter/Moss/Lichen",8.99,26
"Pigeon","S",2009,"Plot","PB-27",7/1/2009 0:00:00,"27","Graminoids",0.07,27
"Pigeon","S",2009,"Plot","PB-27",7/1/2009 0:00:00,"27","Litter/Moss/Lichen",0.20,27
"Pigeon","S",2009,"Plot","PB-28",7/1/2009 0:00:00,"28","Graminoids",2.29,28
"Pigeon","S",2009,"Plot","PB-28",7/1/2009 0:00:00,"28","Litter/Moss/Lichen",3.42,28
"Pigeon","S",2009,"Plot","PB-28",7/1/2009 0:00:00,"28","Shrubs",8.58,28
"Pigeon","S",2009,"Plot","PB-32",7/1/2009 0:00:00,"32","Forbs",25.30,32
"Pigeon","S",2009,"Plot","PB-32",7/1/2009 0:00:00,"32","Graminoids",6.92,32
"Pigeon","S",2009,"Plot","PB-32",7/1/2009 0:00:00,"32","Litter/Moss/Lichen",5.18,32
"Pigeon","S",2009,"Plot","PB-35",7/1/2009 0:00:00,"35","Graminoids",4.00,35
"Pigeon","S",2009,"Plot","PB-39",7/1/2009 0:00:00,"39","Graminoids",0.82,39
"Pigeon","S",2009,"Plot","PB-39",7/1/2009 0:00:00,"39","Litter/Moss/Lichen",6.94,39
"Pigeon","S",2009,"Plot","PB-42",7/1/2009 0:00:00,"42","Forbs",13.14,42
"Pigeon","S",2009,"Plot","PB-42",7/1/2009 0:00:00,"42","Litter/Moss/Lichen",3.39,42
"Pigeon","S",2009,"Plot","PB-43",7/1/2009 0:00:00,"43","Forbs",18.14,43
"Pigeon","S",2009,"Plot","PB-43",7/1/2009 0:00:00,"43","Graminoids",0.56,43
"Pigeon","S",2009,"Plot","PB-44",7/1/2009 0:00:00,"44","Graminoids",24.31,44
"Pigeon","S",2009,"Plot","PB-44",7/1/2009 0:00:00,"44","Litter/Moss/Lichen",7.32,44
"Pigeon","S",2009,"Plot","PB-45",7/1/2009 0:00:00,"45","Forbs",18.99,45
"Pigeon","S",2009,"Plot","PB-45",7/1/2009 0:00:00,"45","Graminoids",0.38,45
"Pigeon","S",2009,"Plot","PB-45",7/1/2009 0:00:00,"45","Litter/Moss/Lichen",5.00,45
"Pigeon","S",2009,"Plot","PB-46",7/1/2009 0:00:00,"46","Forbs",9.96,46
"Pigeon","S",2009,"Plot","PB-46",7/1/2009 0:00:00,"46","Litter/Moss/Lichen",2.61,46
"Scatter","S",2009,"Plot","SC-1",7/6/2009 0:00:00,"1","Forbs",8.31,1
"Scatter","S",2009,"Plot","SC-1",7/6/2009 0:00:00,"1","Graminoids",6.59,1
"Scatter","S",2009,"Plot","SC-1",7/6/2009 0:00:00,"1","Litter/Moss/Lichen",7.75,1
"Scatter","S",2009,"Plot","SC-1",7/6/2009 0:00:00,"1","Shrubs",0.04,1
"Scatter","S",2009,"Plot","SC-2",7/6/2009 0:00:00,"2","Forbs",10.25,2
"Scatter","S",2009,"Plot","SC-2",7/6/2009 0:00:00,"2","Graminoids",3.74,2
"Scatter","S",2009,"Plot","SC-2",7/6/2009 0:00:00,"2","Litter/Moss/Lichen",14.11,2
"Scatter","S",2009,"Plot","SC-3",7/6/2009 0:00:00,"3","Forbs",11.38,3
"Scatter","S",2009,"Plot","SC-3",7/6/2009 0:00:00,"3","Graminoids",3.28,3
"Scatter","S",2009,"Plot","SC-3",7/6/2009 0:00:00,"3","Litter/Moss/Lichen",4.88,3
"Scatter","S",2009,"Plot","SC-4",7/6/2009 0:00:00,"4","Forbs",2.25,4
"Scatter","S",2009,"Plot","SC-4",7/6/2009 0:00:00,"4","Graminoids",10.87,4
"Scatter","S",2009,"Plot","SC-4",7/6/2009 0:00:00,"4","Litter/Moss/Lichen",4.24,4
"Scatter","S",2009,"Plot","SC-4",7/6/2009 0:00:00,"4","Shrubs",0.04,4
"Scatter","S",2009,"Plot","SC-5",7/6/2009 0:00:00,"5","Forbs",4.96,5
"Scatter","S",2009,"Plot","SC-5",7/6/2009 0:00:00,"5","Fern",1.43,5
"Scatter","S",2009,"Plot","SC-5",7/6/2009 0:00:00,"5","Graminoids",19.63,5
"Scatter","S",2009,"Plot","SC-5",7/6/2009 0:00:00,"5","Litter/Moss/Lichen",48.16,5
"Scatter","S",2009,"Plot","SC-5",7/6/2009 0:00:00,"5","Shrubs",0.30,5
"Scatter","S",2009,"Plot","SC-6",7/6/2009 0:00:00,"6","Forbs",11.68,6
"Scatter","S",2009,"Plot","SC-6",7/6/2009 0:00:00,"6","Fern",4.21,6
"Scatter","S",2009,"Plot","SC-6",7/6/2009 0:00:00,"6","Graminoids",17.54,6
"Scatter","S",2009,"Plot","SC-6",7/6/2009 0:00:00,"6","Litter/Moss/Lichen",19.80,6
"Scatter","S",2009,"Plot","SC-7",7/6/2009 0:00:00,"7","Forbs",14.29,7
"Scatter","S",2009,"Plot","SC-7",7/6/2009 0:00:00,"7","Graminoids",7.97,7
"Scatter","S",2009,"Plot","SC-7",7/6/2009 0:00:00,"7","Litter/Moss/Lichen",2.53,7
"Scatter","S",2009,"Plot","SC-8",7/6/2009 0:00:00,"8","Forbs",7.16,8
"Scatter","S",2009,"Plot","SC-8",7/6/2009 0:00:00,"8","Graminoids",8.92,8
"Scatter","S",2009,"Plot","SC-8",7/6/2009 0:00:00,"8","Litter/Moss/Lichen",11.44,8
"Scatter","S",2009,"Plot","SC-9",7/6/2009 0:00:00,"9","Forbs",4.78,9
"Scatter","S",2009,"Plot","SC-9",7/6/2009 0:00:00,"9","Fern",1.46,9
"Scatter","S",2009,"Plot","SC-9",7/6/2009 0:00:00,"9","Graminoids",18.86,9
"Scatter","S",2009,"Plot","SC-9",7/6/2009 0:00:00,"9","Litter/Moss/Lichen",34.34,9
"Scatter","S",2009,"Plot","SC-10",7/6/2009 0:00:00,"10","Forbs",18.21,10
"Scatter","S",2009,"Plot","SC-10",7/6/2009 0:00:00,"10","Graminoids",14.86,10
"Scatter","S",2009,"Plot","SC-10",7/6/2009 0:00:00,"10","Litter/Moss/Lichen",73.19,10
"Scatter","S",2009,"Plot","SC-11",7/6/2009 0:00:00,"11","Forbs",9.53,11
"Scatter","S",2009,"Plot","SC-11",7/6/2009 0:00:00,"11","Fern",2.17,11
"Scatter","S",2009,"Plot","SC-11",7/6/2009 0:00:00,"11","Graminoids",14.79,11
"Scatter","S",2009,"Plot","SC-11",7/6/2009 0:00:00,"11","Litter/Moss/Lichen",71.26,11
"Scatter","S",2009,"Plot","SC-12",7/6/2009 0:00:00,"12","Forbs",8.98,12
"Scatter","S",2009,"Plot","SC-12",7/6/2009 0:00:00,"12","Graminoids",23.40,12
"Scatter","S",2009,"Plot","SC-12",7/6/2009 0:00:00,"12","Litter/Moss/Lichen",37.52,12
"Scatter","S",2009,"Plot","SC-12",7/6/2009 0:00:00,"12","Shrubs",1.27,12
"Scatter","S",2009,"Plot","SC-13",7/6/2009 0:00:00,"13","Forbs",3.55,13
"Scatter","S",2009,"Plot","SC-13",7/6/2009 0:00:00,"13","Graminoids",19.80,13
"Scatter","S",2009,"Plot","SC-13",7/6/2009 0:00:00,"13","Litter/Moss/Lichen",47.36,13
"Scatter","S",2009,"Plot","SC-14",7/6/2009 0:00:00,"14","Forbs",3.38,14
"Scatter","S",2009,"Plot","SC-14",7/6/2009 0:00:00,"14","Graminoids",6.17,14
"Scatter","S",2009,"Plot","SC-14",7/6/2009 0:00:00,"14","Litter/Moss/Lichen",14.04,14
"Scatter","S",2009,"Plot","SC-15",7/6/2009 0:00:00,"15","Forbs",6.29,15
"Scatter","S",2009,"Plot","SC-15",7/6/2009 0:00:00,"15","Fern",10.48,15
"Scatter","S",2009,"Plot","SC-15",7/6/2009 0:00:00,"15","Graminoids",12.31,15
"Scatter","S",2009,"Plot","SC-15",7/6/2009 0:00:00,"15","Litter/Moss/Lichen",63.36,15
"Scatter","S",2009,"Plot","SC-15",7/6/2009 0:00:00,"15","Shrubs",3.47,15
"Scatter","S",2009,"Plot","SC-16",7/6/2009 0:00:00,"16","Forbs",7.59,16
"Scatter","S",2009,"Plot","SC-16",7/6/2009 0:00:00,"16","Graminoids",14.82,16
"Scatter","S",2009,"Plot","SC-16",7/6/2009 0:00:00,"16","Litter/Moss/Lichen",74.71,16
"Scatter","S",2009,"Plot","SC-16",7/6/2009 0:00:00,"16","Shrubs",0.76,16
"Scatter","S",2009,"Plot","SC-17",7/6/2009 0:00:00,"17","Forbs",14.02,17
"Scatter","S",2009,"Plot","SC-17",7/6/2009 0:00:00,"17","Graminoids",6.66,17
"Scatter","S",2009,"Plot","SC-17",7/6/2009 0:00:00,"17","Litter/Moss/Lichen",7.76,17
"Scatter","S",2009,"Plot","SC-18",7/6/2009 0:00:00,"18","Forbs",2.25,18
"Scatter","S",2009,"Plot","SC-18",7/6/2009 0:00:00,"18","Graminoids",36.26,18
"Scatter","S",2009,"Plot","SC-18",7/6/2009 0:00:00,"18","Litter/Moss/Lichen",20.03,18
"Scatter","S",2009,"Plot","SC-18",7/6/2009 0:00:00,"18","Shrubs",1.24,18
"Scatter","S",2009,"Plot","SC-19",7/6/2009 0:00:00,"19","Forbs",5.17,19
"Scatter","S",2009,"Plot","SC-19",7/6/2009 0:00:00,"19","Fern",0.13,19
"Scatter","S",2009,"Plot","SC-19",7/6/2009 0:00:00,"19","Graminoids",10.88,19
"Scatter","S",2009,"Plot","SC-19",7/6/2009 0:00:00,"19","Litter/Moss/Lichen",49.17,19
"Scatter","S",2009,"Plot","SC-19",7/6/2009 0:00:00,"19","Shrubs",1.13,19
"Scatter","S",2009,"Plot","SC-20",7/6/2009 0:00:00,"20","Forbs",4.91,20
"Scatter","S",2009,"Plot","SC-20",7/6/2009 0:00:00,"20","Fern",10.59,20
"Scatter","S",2009,"Plot","SC-20",7/6/2009 0:00:00,"20","Graminoids",15.98,20
"Scatter","S",2009,"Plot","SC-20",7/6/2009 0:00:00,"20","Litter/Moss/Lichen",74.21,20
"Scatter","S",2009,"Plot","SC-20",7/6/2009 0:00:00,"20","Shrubs",1.83,20
"Weir","S",2009,"Plot","SW-1",7/9/2009 0:00:00,"1","Forbs",0.56,1
"Weir","S",2009,"Plot","SW-1",7/9/2009 0:00:00,"1","Graminoids",1.69,1
"Weir","S",2009,"Plot","SW-1",7/9/2009 0:00:00,"1","Litter/Moss/Lichen",2.93,1
"Weir","S",2009,"Plot","SW-2",7/9/2009 0:00:00,"2","Forbs",1.80,2
"Weir","S",2009,"Plot","SW-2",7/9/2009 0:00:00,"2","Graminoids",1.56,2
"Weir","S",2009,"Plot","SW-2",7/9/2009 0:00:00,"2","Litter/Moss/Lichen",4.10,2
"Weir","S",2009,"Plot","SW-2",7/9/2009 0:00:00,"2","Shrubs",11.30,2
"Weir","S",2009,"Plot","SW-3",7/9/2009 0:00:00,"3","Graminoids",42.24,3
"Weir","S",2009,"Plot","SW-3",7/9/2009 0:00:00,"3","Shrubs",7.12,3
"Weir","S",2009,"Plot","SW-4",7/9/2009 0:00:00,"4","Forbs",6.80,4
"Weir","S",2009,"Plot","SW-4",7/9/2009 0:00:00,"4","Graminoids",17.74,4
"Weir","S",2009,"Plot","SW-4",7/9/2009 0:00:00,"4","Litter/Moss/Lichen",10.44,4
"Weir","S",2009,"Plot","SW-5",7/9/2009 0:00:00,"5","Forbs",0.39,5
"Weir","S",2009,"Plot","SW-5",7/9/2009 0:00:00,"5","Graminoids",31.40,5
"Weir","S",2009,"Plot","SW-5",7/9/2009 0:00:00,"5","Litter/Moss/Lichen",6.85,5
"Weir","S",2009,"Plot","SW-5",7/9/2009 0:00:00,"5","Shrubs",8.56,5
"Weir","S",2009,"Plot","SW-6",7/9/2009 0:00:00,"6","Forbs",1.72,6
"Weir","S",2009,"Plot","SW-6",7/9/2009 0:00:00,"6","Graminoids",14.93,6
"Weir","S",2009,"Plot","SW-6",7/9/2009 0:00:00,"6","Litter/Moss/Lichen",20.71,6
"Weir","S",2009,"Plot","SW-6",7/9/2009 0:00:00,"6","Shrubs",0.58,6
"Weir","S",2009,"Plot","SW-7",7/9/2009 0:00:00,"7","Forbs",11.65,7
"Weir","S",2009,"Plot","SW-7",7/9/2009 0:00:00,"7","Graminoids",0.39,7
"Weir","S",2009,"Plot","SW-7",7/9/2009 0:00:00,"7","Litter/Moss/Lichen",5.37,7
"Weir","S",2009,"Plot","SW-8",7/9/2009 0:00:00,"8","Forbs",1.10,8
"Weir","S",2009,"Plot","SW-8",7/9/2009 0:00:00,"8","Graminoids",15.00,8
"Weir","S",2009,"Plot","SW-8",7/9/2009 0:00:00,"8","Litter/Moss/Lichen",6.01,8
"Weir","S",2009,"Plot","SW-9",7/9/2009 0:00:00,"9","Forbs",3.62,9
"Weir","S",2009,"Plot","SW-9",7/9/2009 0:00:00,"9","Graminoids",20.06,9
"Weir","S",2009,"Plot","SW-9",7/9/2009 0:00:00,"9","Litter/Moss/Lichen",23.67,9
"Weir","S",2009,"Plot","SW-9",7/9/2009 0:00:00,"9","Shrubs",15.31,9
"Weir","S",2009,"Plot","SW-10",7/9/2009 0:00:00,"10","Forbs",0.09,10
"Weir","S",2009,"Plot","SW-10",7/9/2009 0:00:00,"10","Graminoids",34.97,10
"Weir","S",2009,"Plot","SW-10",7/9/2009 0:00:00,"10","Litter/Moss/Lichen",4.31,10
"Weir","S",2009,"Plot","SW-10",7/9/2009 0:00:00,"10","Shrubs",1.25,10
"Weir","S",2009,"Plot","SW-11",7/9/2009 0:00:00,"11","Forbs",4.57,11
"Weir","S",2009,"Plot","SW-11",7/9/2009 0:00:00,"11","Graminoids",3.39,11
"Weir","S",2009,"Plot","SW-11",7/9/2009 0:00:00,"11","Litter/Moss/Lichen",14.35,11
"Weir","S",2009,"Plot","SW-12",7/9/2009 0:00:00,"12","Forbs",0.90,12
"Weir","S",2009,"Plot","SW-12",7/9/2009 0:00:00,"12","Graminoids",5.36,12
"Weir","S",2009,"Plot","SW-12",7/9/2009 0:00:00,"12","Litter/Moss/Lichen",6.74,12
"Weir","S",2009,"Plot","SW-12",7/9/2009 0:00:00,"12","Shrubs",11.84,12
"Weir","S",2009,"Plot","SW-13",7/9/2009 0:00:00,"13","Forbs",0.78,13
"Weir","S",2009,"Plot","SW-13",7/9/2009 0:00:00,"13","Graminoids",9.31,13
"Weir","S",2009,"Plot","SW-13",7/9/2009 0:00:00,"13","Litter/Moss/Lichen",2.27,13
"Weir","S",2009,"Plot","SW-13",7/9/2009 0:00:00,"13","Shrubs",1.38,13
"Weir","S",2009,"Plot","SW-14",7/9/2009 0:00:00,"14","Forbs",2.60,14
"Weir","S",2009,"Plot","SW-14",7/9/2009 0:00:00,"14","Graminoids",8.99,14
"Weir","S",2009,"Plot","SW-14",7/9/2009 0:00:00,"14","Litter/Moss/Lichen",0.69,14
"Weir","S",2009,"Plot","SW-14",7/9/2009 0:00:00,"14","Shrubs",0.23,14
"Weir","S",2009,"Plot","SW-15",7/9/2009 0:00:00,"15","Forbs",1.31,15
"Weir","S",2009,"Plot","SW-15",7/9/2009 0:00:00,"15","Graminoids",20.42,15
"Weir","S",2009,"Plot","SW-15",7/9/2009 0:00:00,"15","Litter/Moss/Lichen",11.75,15
"Weir","S",2009,"Plot","SW-16",7/9/2009 0:00:00,"16","Forbs",1.78,16
"Weir","S",2009,"Plot","SW-16",7/9/2009 0:00:00,"16","Graminoids",9.41,16
"Weir","S",2009,"Plot","SW-16",7/9/2009 0:00:00,"16","Litter/Moss/Lichen",4.75,16
"Weir","S",2009,"Plot","SW-17",7/9/2009 0:00:00,"17","Forbs",0.77,17
"Weir","S",2009,"Plot","SW-17",7/9/2009 0:00:00,"17","Graminoids",11.71,17
"Weir","S",2009,"Plot","SW-17",7/9/2009 0:00:00,"17","Litter/Moss/Lichen",12.67,17
"Weir","S",2009,"Plot","SW-17",7/9/2009 0:00:00,"17","Shrubs",5.27,17
"Weir","S",2009,"Plot","SW-18",7/9/2009 0:00:00,"18","Forbs",2.48,18
"Weir","S",2009,"Plot","SW-18",7/9/2009 0:00:00,"18","Graminoids",4.93,18
"Weir","S",2009,"Plot","SW-18",7/9/2009 0:00:00,"18","Litter/Moss/Lichen",0.68,18
"Weir","S",2009,"Plot","SW-19",7/9/2009 0:00:00,"19","Forbs",8.70,19
"Weir","S",2009,"Plot","SW-19",7/9/2009 0:00:00,"19","Graminoids",2.19,19
"Weir","S",2009,"Plot","SW-19",7/9/2009 0:00:00,"19","Litter/Moss/Lichen",3.18,19
"Weir","S",2009,"Plot","SW-20",7/9/2009 0:00:00,"20","Forbs",9.14,20
"Weir","S",2009,"Plot","SW-20",7/9/2009 0:00:00,"20","Graminoids",6.52,20
"Weir","S",2009,"Plot","SW-20",7/9/2009 0:00:00,"20","Litter/Moss/Lichen",5.46,20
"Bellfountain","S",2009,"Plot","BF-20",6/29/2009 0:00:00,"20","Graminoids",0.00,20
